,GRB,z,P_bolo,P_bolo_err,S_bolo,S_bolo_err,F_beam,F_beam_err,T_lag,T_lag_err,V,V_err,E_peak,E_peak_err_min,E_peak_err_max,T_RT,T_RT_err,mu,mu_err,dL,dL_err,L,L_err,E_iso,E_iso_err,E_gamma,E_gamma_err,E_peak_err,T_lag_i,T_lag_i_err,T_RT_i,T_RT_i_err,V_i,V_i_err,E_peak_i,E_peak_i_err,E_peak_i_err_min,E_peak_i_err_max,_T_lag_i,_T_lag_i_err,_V_i,_V_i_err,_E_peak_i,_E_peak_i_err,_E_peak_i_err_min,_E_peak_i_err_max,_T_RT_i,_T_RT_i_err,log_T_lag_i,log_T_lag_i_err,log_V_i,log_V_i_err,log_E_peak_i,log_E_peak_i_err,log_E_peak_i_err_min,log_E_peak_i_err_max,log_T_RT_i,log_T_RT_i_err,log_L,log_L_err,log_E_iso,log_E_iso_err,log_E_gamma,log_E_gamma_err
0,970228,0.7,7.3e-06,4.3e-07,,,,,,,0.016,0.01,115.0,38.0,38.0,,,43.237693786621094,1.3298711776733398,1.3706755913980727e+28,8.394405358098601e+27,1.7234634683157303e+52,2.1134352858683406e+52,,,,,38.0,,,,,0.0272,0.017,195.5,64.6,64.6,64.6,,,1.3599999999999999,0.8500000000000001,0.6516666666666666,0.21533333333333332,0.21533333333333332,0.21533333333333332,,,,,0.13353890837021748,0.27143405118953245,-0.18597449298777685,0.14350600271585712,0.14350600271585712,0.14350600271585712,,,52.23640208224525,0.5325632364051336,,,,
1,970508,0.84,3.3e-06,3.3e-07,8.09e-06,8.1e-07,0.0795,0.0204,0.49,0.02,0.018,0.004,389.0,40.0,40.0,0.65,0.07,43.66748046875,1.3689342737197876,1.67067516005574e+28,1.0532229084882003e+28,1.1574649130554138e+52,1.4639552208650496e+52,1.5421428107078885e+52,7.95633989028025e+51,1.2260035345127714e+51,7.0644484504572706e+50,40.0,0.266304347826087,0.010869565217391306,0.3532608695652174,0.038043478260869575,0.03312,0.007359999999999999,715.76,73.6,73.6,73.6,2.6630434782608696,0.10869565217391305,1.6559999999999997,0.36799999999999994,2.385866666666667,0.24533333333333332,0.24533333333333332,0.24533333333333332,3.532608695652174,0.38043478260869573,0.4253782570189772,0.017726305383806196,0.21906033244886125,0.09650988486738929,0.3776461696155818,0.04465753027282794,0.04465753027282794,0.04465753027282794,0.5480955336333191,0.04677017497419635,52.06350783485424,0.5492932589177404,52.18812459357909,0.22406449561628536,51.08849172223556,0.250248134965031
2,970828,0.96,1e-05,1.1e-06,0.000123,1.2e-05,0.00532,0.00144,,,0.052,0.005,298.0,30.0,30.0,0.36,0.14,43.945430755615234,1.3427356481552124,1.8988124598067368e+28,1.1741356545772411e+28,4.5307907972867903e+52,5.625373799058826e+52,2.843302388093241e+53,2.8676841742786496e+52,1.512636870465604e+51,4.3693507721972385e+50,30.0,,,0.1836734693877551,0.07142857142857144,0.10192,0.0098,584.08,58.8,58.8,58.8,,,5.096,0.49,1.9469333333333334,0.19599999999999998,0.19599999999999998,0.19599999999999998,1.836734693877551,0.7142857142857143,,,0.707229419327294,0.04175908479838959,0.2893510807130688,0.04372092099697165,0.04372092099697165,0.04372092099697165,0.2640464294108112,0.16889229851793125,52.65617400972245,0.5392146556484979,53.45382304980537,0.043801862860098274,51.17973468210042,0.1254488084295392
3,971214,3.42,7.5e-07,2.4e-08,,,,,0.03,0.05,0.048,0.002,190.0,20.0,20.0,,,45.683921813964844,1.4974751472473145,4.228441090735348e+28,2.915987058931176e+28,1.6851233499699228e+52,2.3247907025976778e+52,,,,,20.0,0.006787330316742082,0.011312217194570137,,,0.21216,0.00884,839.8,88.4,88.4,88.4,0.06787330316742081,0.11312217194570137,10.607999999999999,0.442,2.7993333333333332,0.2946666666666667,0.2946666666666667,0.2946666666666667,,,-1.1683010146294295,0.7238241365054198,1.0256335110606978,0.018095603412635494,0.4470546155822584,0.04571520862139493,0.04571520862139493,0.04571520862139493,,,52.22663169645399,0.5991512572276539,,,,
4,980703,0.97,1.2e-06,3.6e-08,2.83e-05,2.9e-06,0.0184,0.00267,0.69,0.02,0.024,0.001,254.0,25.0,25.0,3.0,0.19,44.093746185302734,1.3408952951431274,2.0330364204164457e+28,1.255410365355888e+28,6.232774688278255e+51,7.699811056677804e+51,7.4614011708238e+52,3.9208083017179966e+51,1.3728978154315792e+51,2.1187960711694933e+50,25.0,0.350253807106599,0.010152284263959392,1.5228426395939088,0.09644670050761421,0.04728,0.00197,500.38,49.25,49.25,49.25,3.5025380710659895,0.10152284263959391,2.364,0.09849999999999999,1.6679333333333333,0.16416666666666666,0.16416666666666666,0.16416666666666666,15.228426395939087,0.964467005076142,0.5443828645756623,0.012588245852268169,0.37364747220921773,0.01809560341263549,0.22217868806186852,0.0427455198723673,0.0427455198723673,0.0427455198723673,1.1826550285580695,0.027505317187205943,51.794681427645074,0.5365163383655958,52.87282039096014,0.02282125529846808,51.13763821396968,0.06702475826272151
5,990123,1.61,1.3e-05,5e-07,0.000311,3.1e-05,0.00241,0.00069,0.07,0.01,0.059,0.003,604.0,60.0,60.0,,,44.93043518066406,1.396711826324463,2.9887043649770723e+28,1.9223632377999897e+28,1.4592144849561041e+53,1.8780002401374208e+53,1.3375057613361283e+54,7.213747882504213e+52,3.223388884820069e+51,9.391112212814846e+50,60.0,0.02681992337164751,0.0038314176245210726,,,0.15399000000000002,0.007830000000000002,1576.4400000000003,156.60000000000002,156.60000000000002,156.60000000000002,0.2681992337164751,0.038314176245210725,7.6995000000000005,0.39150000000000007,5.254800000000001,0.5220000000000001,0.5220000000000001,0.5220000000000001,,,-0.5715424673240241,0.06204206884332168,0.886462523316444,0.02208277026626704,0.7205561912397505,0.04314183595065415,0.04314183595065415,0.04314183595065415,,,53.16411913204882,0.5589343785394225,54.12629566143054,0.023423382461419697,51.508312704005405,0.12652858090336774
6,990506,1.31,1.1e-05,1.5e-07,,,,,0.04,0.01,0.337,0.001,283.0,30.0,30.0,0.13,0.01,44.60634994506836,1.410976529121399,2.574340035241945e+28,1.6727513330519904e+28,9.160820439670875e+52,1.1905667456345157e+53,,,,,30.0,0.017316017316017316,0.004329004329004329,0.05627705627705628,0.004329004329004329,0.7784700000000001,0.00231,653.73,69.3,69.3,69.3,0.17316017316017315,0.04329004329004329,38.923500000000004,0.11549999999999999,2.1791,0.23099999999999998,0.23099999999999998,0.23099999999999998,0.5627705627705628,0.04329004329004329,-0.7615519885641819,0.10857362047581294,1.5902118850995017,0.0012887076614339814,0.3382771606967721,0.04603828430069806,0.04603828430069806,0.04603828430069806,-0.2496686275853075,0.033407267838711674,52.96193437066192,0.5644216818479186,,,,
7,990510,1.62,3.3e-06,1.2e-07,2.85e-05,2.9e-06,0.00213,0.000319,0.03,0.01,0.118,0.001,126.0,10.0,10.0,0.13,0.01,45.00643539428711,1.4709748029708862,3.095159261640055e+28,2.0966885257679823e+28,3.972736907451212e+52,5.384273284743391e+52,1.3095420062729531e+53,2.0601122296605874e+52,2.78932447336139e+50,6.058538049390562e+49,10.0,0.011450381679389311,0.003816793893129771,0.04961832061068702,0.003816793893129771,0.30916,0.0026200000000000004,330.12,26.200000000000003,26.200000000000003,26.200000000000003,0.11450381679389311,0.038167938931297704,15.457999999999998,0.131,1.1004,0.08733333333333335,0.08733333333333335,0.08733333333333335,0.4961832061068702,0.038167938931297704,-0.9411800366000831,0.14476482730108392,1.1891533029618897,0.003680461711044507,0.04155058171764594,0.03446781602406761,0.03446781602406761,0.03446781602406761,-0.3043579390129087,0.03340726783871167,52.599089805069084,0.5886018206333659,53.117119433879964,0.06832124278238026,50.4454990373187,0.09433071227028632
8,990705,0.84,6.6e-06,2.6e-07,0.000134,1.5e-05,0.00348,0.00096,,,0.097,0.004,189.0,15.0,15.0,0.62,0.37,43.723758697509766,1.3637126684188843,1.7145401564342694e+28,1.0767533225822466e+28,2.43808656898163e+52,3.0638054141703274e+52,2.6902470375785447e+53,1.670889793102301e+52,9.362059690773335e+50,2.6472857102107478e+50,15.0,,,0.33695652173913043,0.20108695652173914,0.17848,0.007359999999999999,347.76,27.599999999999998,27.599999999999998,27.599999999999998,,,8.924,0.36799999999999994,1.1592,0.092,0.092,0.092,3.369565217391304,2.010869565217391,,,0.9505595616118001,0.017909050800134094,0.06415837246311817,0.0344678160240676,0.0344678160240676,0.0344678160240676,0.5275738664887174,0.25917573920032766,52.38704912202213,0.5457532976588517,53.42979216183553,0.026973664755559054,50.971371405782115,0.12280434155946829
9,991208,0.71,2.1e-05,2.1e-06,,,,,,,0.023,0.003,190.0,20.0,20.0,0.27,0.01,43.377105712890625,1.336119532585144,1.4615613985702055e+28,8.993071816819189e+27,5.637197976527665e+52,6.960067401767349e+52,,,,,20.0,,,0.15789473684210528,0.0058479532163742695,0.03933,0.00513,324.9,34.2,34.2,34.2,,,1.9665,0.2565,1.083,0.114,0.114,0.114,1.5789473684210527,0.058479532163742694,,,0.29369395074576554,0.05664710633520676,0.03462845662532034,0.04571520862139493,0.04571520862139493,0.04571520862139493,0.19836765376683346,0.01608498081123155,52.75106328736653,0.5362094570473399,,,,
10,991216,1.02,4.1e-05,3.8e-07,0.000248,2.5e-05,0.003,0.000946,0.03,0.01,0.062,0.003,318.0,30.0,30.0,0.09,0.01,44.168941497802734,1.3039945363998413,2.1046710207218093e+28,1.2638795224442694e+28,2.282244469394201e+53,2.741110519204135e+53,6.834057334095169e+53,1.3617163720728997e+53,2.0502172002285507e+51,7.647542358177145e+50,30.0,0.01485148514851485,0.0049504950495049506,0.04455445544554455,0.0049504950495049506,0.12524,0.00606,642.36,60.6,60.6,60.6,0.1485148514851485,0.0495049504950495,6.262,0.303,2.1412,0.202,0.202,0.202,0.4455445544554455,0.0495049504950495,-0.8282301147269614,0.14476482730108392,0.7967130632808964,0.021014249124350893,0.330657234711394,0.04097117753804262,0.04097117753804262,0.04097117753804262,-0.35110886000729896,0.048254942433694645,53.35836216331718,0.5216133454332813,53.83467861797704,0.086535110461855,51.3117998726967,0.16199676043628308
11,131,4.5,7.3e-07,8.3e-08,,,,,,,0.056,0.005,163.0,13.0,13.0,0.84,0.39,45.73112487792969,1.461832046508789,4.321364474431453e+28,2.9091362366311516e+28,1.713067669455916e+52,2.3146786596341357e+52,,,,,13.0,,,0.1527272727272727,0.07090909090909091,0.308,0.0275,896.5,71.5,71.5,71.5,,,15.4,1.375,2.9883333333333333,0.23833333333333334,0.23833333333333334,0.23833333333333334,1.5272727272727271,0.709090909090909,,,1.187520720836463,0.03877629302707605,0.4754290391785392,0.03463698321927775,0.03463698321927775,0.03463698321927775,0.18391659656763776,0.20163672374079547,52.23377451876868,0.5868140454589259,,,,
12,210,0.85,2e-05,2.1e-06,,,,,,,0.018,0.002,408.0,14.0,14.0,0.45,0.03,43.72211456298828,1.3564233779907227,1.7132424803801337e+28,1.070187280469347e+28,7.376961694200858e+52,9.248620539939359e+52,,,,,14.0,,,0.24324324324324323,0.016216216216216214,0.033299999999999996,0.0037,754.8000000000001,25.900000000000002,25.900000000000002,25.900000000000002,,,1.6649999999999998,0.185,2.516,0.08633333333333335,0.08633333333333335,0.08633333333333335,2.432432432432432,0.16216216216216212,,,0.22141423784233863,0.048254942433694645,0.4007106367732313,0.014902261633935113,0.014902261633935113,0.014902261633935113,0.3860407853723298,0.028952965460216785,52.86787752833565,0.5444822722707462,,,,
13,911,1.06,1.9e-05,1.9e-06,,,,,,,0.122,0.013,986.0,100.0,100.0,0.07,0.22,44.25478744506836,1.39133882522583,2.1895426577042817e+28,1.402917069450938e+28,1.1446436055163446e+53,1.4712862715743565e+53,,,,,100.0,,,0.03398058252427185,0.10679611650485436,0.25132,0.026779999999999998,2031.16,206.0,206.0,206.0,,,12.565999999999999,1.339,6.770533333333334,0.6866666666666666,0.6866666666666666,0.6866666666666666,0.33980582524271846,1.0679611650485437,,,1.0991970553799204,0.04627728085854323,0.8306228805907022,0.04404609349931559,0.04404609349931559,0.04404609349931559,-0.46876918035489656,1.364925514553077,53.058670286456525,0.5582274744430293,,,,
14,926,2.07,2.9e-06,2.9e-07,,,,,,,0.326,0.034,100.0,7.0,7.0,,,45.22595977783203,1.4055242538452148,3.4244267216057193e+28,2.2165212837333337e+28,4.273499096806742e+52,5.548678414582607e+52,,,,,7.0,,,,,1.00082,0.10438,307.0,21.49,21.49,21.49,,,50.041000000000004,5.219,1.0233333333333334,0.07163333333333333,0.07163333333333333,0.07163333333333333,,,,,1.6993259798811442,0.04529451651751706,0.010017120757524088,0.030400613733227617,0.030400613733227617,0.030400613733227617,,,52.630783616508126,0.563884620710354,,,,
15,10222,1.48,2.3e-05,7.2e-07,0.000245,9.1e-06,0.0014,0.0001,,,0.143,0.004,309.0,12.0,12.0,0.45,0.01,44.810577392578125,1.383631706237793,2.8282083506243614e+28,1.8020946195867654e+28,2.311854515360257e+53,2.9470511699034297e+53,9.929950144867864e+53,1.1884731955484278e+53,1.390193020281501e+51,1.937647395789108e+50,12.0,,,0.1814516129032258,0.004032258064516129,0.35463999999999996,0.00992,766.32,29.759999999999998,29.759999999999998,29.759999999999998,,,17.731999999999996,0.496,2.5544000000000002,0.0992,0.0992,0.0992,1.814516129032258,0.04032258064516129,,,1.2487577226272968,0.012148097395895157,0.4072889055313885,0.01686580512245638,0.01686580512245638,0.01686580512245638,0.25876083294912744,0.009650988486738928,53.363960500525195,0.5536196384642036,53.99694706804592,0.05197884613583574,51.14307510372416,0.060531851303282896
16,10921,0.45,1.8e-06,1.6e-07,,,,,1.0,0.04,0.008,0.006,89.0,14.0,22.0,4.31,0.71,42.03179168701172,1.219109058380127,7.866005742558352e+27,4.4161366324517335e+27,1.3995579559376086e+51,1.57639749868549e+51,,,,,18.0,0.6896551724137931,0.027586206896551727,2.972413793103448,0.4896551724137931,0.0116,0.0087,129.04999999999998,26.099999999999998,20.3,31.9,6.8965517241379315,0.27586206896551724,0.58,0.43499999999999994,0.4301666666666666,0.087,0.06766666666666667,0.10633333333333334,29.72413793103448,4.896551724137931,0.8386319977650252,0.01737177927613007,-0.23657200643706278,0.32572086142743883,-0.36636324583977486,0.08783483903661274,0.06831598591736546,0.10735369215586002,1.4731092679257567,0.07154271047594171,51.14599088738435,0.48916926380983455,,,,
17,20124,3.2,6.1e-07,1e-07,1.14e-05,1.1e-06,0.0041,0.00109,0.07,0.06,0.266,0.04,87.0,12.0,18.0,0.59,0.17,45.77308654785156,1.5006929636001587,4.405682857384208e+28,3.0447438498208643e+28,1.487874023676601e+52,2.0709377237716296e+52,6.620516732987218e+52,4.908401648870986e+51,2.7144118605247594e+50,7.491717558121541e+49,15.0,0.016666666666666666,0.014285714285714285,0.14047619047619048,0.04047619047619048,1.1172000000000002,0.168,365.40000000000003,63.0,50.400000000000006,75.60000000000001,0.16666666666666666,0.14285714285714285,55.86000000000001,8.4,1.2180000000000002,0.21,0.168,0.252,1.4047619047619047,0.40476190476190477,-0.7781512503836436,0.37225241305993007,1.7471009313649863,0.06530744088770703,0.08564728829685661,0.0748783589488365,0.059902687159069205,0.0898540307386038,0.1476027212442437,0.12513569817551323,52.17256616162775,0.6044845272430062,52.820891887555554,0.032198268459139735,50.43367574427529,0.11986433019935634
18,20405,0.7,7.4e-06,3.1e-07,0.00011,2.1e-06,0.00598,0.00196,,,0.104,0.007,364.0,90.0,90.0,0.48,0.09,43.56429672241211,1.3670545816421509,1.5931448581168868e+28,1.002967372720845e+28,2.3602179892512654e+52,2.9734038132589565e+52,2.0637836154025373e+53,1.7482947160090766e+52,1.2341426020107172e+51,4.177939977083712e+50,90.0,,,0.2823529411764706,0.052941176470588235,0.17679999999999998,0.011899999999999999,618.8,153.0,153.0,153.0,,,8.84,0.595,2.0626666666666664,0.51,0.51,0.51,2.8235294117647056,0.5294117647058824,,,0.9464522650130731,0.029231359358872718,0.31442905030766743,0.10738050376728754,0.10738050376728754,0.10738050376728754,0.45079231599731323,0.08143021535685972,52.37295211617217,0.5471244073426043,53.31466416022115,0.036790424259437654,51.091365344209564,0.14702160632120354
19,20813,1.25,3.8e-06,2.6e-07,0.000159,2.9e-06,0.00114,0.000292,0.15,0.01,0.164,0.004,140.0,13.0,14.0,0.59,0.05,44.866539001464844,1.4429653882980347,2.9020421905529533e+28,1.928436400111289e+28,4.021618820770054e+52,5.351891137433489e+52,7.478799912309222e+53,2.37569604065314e+52,8.525831900032514e+50,2.2005392051263137e+50,13.5,0.06666666666666667,0.0044444444444444444,0.2622222222222222,0.022222222222222223,0.369,0.009000000000000001,315.0,30.375,29.25,31.5,0.6666666666666666,0.04444444444444444,18.45,0.45000000000000007,1.05,0.10125,0.0975,0.105,2.622222222222222,0.2222222222222222,-0.17609125905568127,0.028952965460216782,1.2659963704950792,0.010592548339103704,0.021189299069938092,0.04187839646924214,0.0403273447481591,0.043429448190325175,0.41866949353078164,0.03680461711044507,52.6044009046791,0.577950544872681,53.873831914271385,0.013795685046165233,50.930736765607854,0.11209252600845689
20,21004,2.32,2.3e-07,5.5e-08,3.61e-06,8.6e-07,0.0104,0.00256,0.71,0.19,0.035,0.067,80.0,23.0,53.0,1.23,0.96,45.45896530151367,1.5059316158294678,3.812316792049e+28,2.6438689073572485e+28,4.2006419396547694e+51,5.9123076029029754e+51,1.9858980359027919e+52,1.7806217224526465e+51,2.0653339573389034e+50,5.410671358943973e+49,38.0,0.21385542168674698,0.057228915662650606,0.3704819277108434,0.2891566265060241,0.11620000000000001,0.22244,265.59999999999997,126.16,76.36,175.95999999999998,2.13855421686747,0.572289156626506,5.8100000000000005,11.122,0.8853333333333332,0.4205333333333333,0.25453333333333333,0.5865333333333332,3.7048192771084336,2.8915662650602405,0.330120265015039,0.11621965008678568,0.7641761323903308,0.8313637225005105,-0.05289318402368262,0.20628987890404463,0.12485966354718492,0.28772009426090434,0.5687670277353616,0.3389615468513184,51.623315664099415,0.6112595655954504,52.29795694628345,0.038940276612273214,50.314990285582226,0.11377456445876613
21,21211,1.01,2.3e-06,1.7e-07,,,,,0.31,0.01,0.006,0.003,46.0,6.0,8.0,0.57,0.01,44.30247497558594,1.3479738235473633,2.2381589023205207e+28,1.389370456675366e+28,1.447836542410336e+52,1.800714833603736e+52,,,,,7.0,0.15422885572139305,0.0049751243781094535,0.2835820895522388,0.0049751243781094535,0.01206,0.00603,92.46,14.069999999999999,12.059999999999999,16.08,1.5422885572139304,0.04975124378109453,0.603,0.3015,0.3082,0.0469,0.04019999999999999,0.053599999999999995,2.835820895522388,0.04975124378109453,0.1881656364137838,0.01400949941623393,-0.2196826878598487,0.21714724095162588,-0.5111673656175996,0.06608829072440789,0.05664710633520675,0.07552947511360901,0.4526787982520025,0.007619201436899156,52.160719533728326,0.5401442033045428,,,,
22,30115,2.5,3.2e-07,5.1e-08,,,,,0.44,0.06,0.02,0.02,83.0,22.0,53.0,0.7,0.4,45.814754486083984,1.5388208627700806,4.491038922124218e+28,3.1825890849871542e+28,8.110609280020229e+51,1.1567667592019326e+52,,,,,37.5,0.12571428571428572,0.017142857142857144,0.19999999999999998,0.1142857142857143,0.07,0.07,290.5,131.25,77.0,185.5,1.2571428571428571,0.17142857142857143,3.5000000000000004,3.5000000000000004,0.9683333333333334,0.4375,0.25666666666666665,0.6183333333333333,1.9999999999999998,1.1428571428571428,0.09938463213591178,0.059221974804988885,0.5440680443502757,0.43429448190325176,-0.013975117993312877,0.1962173864020716,0.11511420002254866,0.2773205727815945,0.30102999566398114,0.24816827537328676,51.90905348022986,0.6194077448756772,,,,
23,30226,1.98,2.6e-07,4.7e-08,8.33e-06,9.8e-07,0.00272,0.000682,0.31,0.22,0.033,0.029,97.0,17.0,27.0,1.76,1.15,45.612850189208984,1.4896843433380127,4.092285827318112e+28,2.807410353778291e+28,5.47160995625223e+51,7.572199500004752e+51,5.882616279760077e+52,2.5284797986242017e+51,1.600071628094741e+50,4.0704658632877083e+49,22.0,0.1040268456375839,0.0738255033557047,0.5906040268456376,0.3859060402684564,0.09834000000000001,0.08642000000000001,289.06,65.56,50.66,80.46,1.0402684563758389,0.738255033557047,4.917000000000001,4.321000000000001,0.9635333333333334,0.21853333333333333,0.16886666666666666,0.2682,5.906040268456376,3.8590604026845634,0.01714542975801742,0.30820898715714645,0.6917002082901615,0.38165272652103943,-0.016133256377162345,0.09849977940073751,0.07611346590056989,0.12088609290090513,0.7712964037378947,0.28377196260723836,51.73811513113077,0.601023187876338,52.76957052049048,0.018666946336862254,50.20413942452468,0.11048135796935316
24,30323,3.37,1.2e-07,6e-08,,,,,,,0.021,0.338,44.0,26.0,90.0,,,45.55162048339844,1.4792747497558594,3.978506009601195e+28,2.710282412966999e+28,2.38688308551651e+51,3.464109808287204e+51,,,,,58.0,,,,,0.09177,1.47706,192.28,253.46,113.62,393.3,,,4.5885,73.853,0.6409333333333334,0.8448666666666667,0.37873333333333337,1.311,,,,,0.6616707360403599,6.990073089680909,-0.19318714126305314,0.5724790897815591,0.25662855748828517,0.8883296220748332,,,51.37783114688335,0.6302963825815162,,,,
25,30328,1.52,1.6e-06,1.1e-07,6.14e-05,2.4e-06,0.00196,0.000492,0.08,0.08,0.024,0.003,130.0,13.0,14.0,1.69,0.81,45.188865661621094,1.4268447160720825,3.3664258581758505e+28,2.2120322260307646e+28,2.2785992745801663e+52,2.9985674310813583e+52,3.4698907603973764e+53,1.188808287177385e+52,6.800985890378857e+50,1.7230139001180022e+50,13.5,0.031746031746031744,0.031746031746031744,0.6706349206349206,0.32142857142857145,0.06048,0.00756,327.6,34.02,32.76,35.28,0.31746031746031744,0.31746031746031744,3.024,0.378,1.092,0.11340000000000001,0.10919999999999999,0.11760000000000001,6.706349206349206,3.2142857142857144,-0.49831055378960054,0.4342944819032518,0.48058178682916897,0.05428681023790648,0.038222638368718455,0.045099811582260764,0.043429448190325175,0.046770174974196346,0.8264861638321294,0.20815297653351122,52.357667954780716,0.5715183461442055,53.540315802484415,0.014879225739742543,50.83257187384089,0.11002749323777296
26,30329,0.17,2e-05,1e-06,0.000231,2e-06,0.00489,0.000862,0.15,0.01,0.065,0.002,68.0,2.0,2.0,0.66,0.01,39.361412048339844,1.113918662071228,2.299737841148526e+27,1.1797160709481073e+27,1.3292189448257997e+51,1.3653400104081052e+51,1.312177676302392e+52,1.1656154211635881e+51,6.416548837118698e+49,1.2665957332121208e+49,2.0,0.12820512820512822,0.008547008547008548,0.5641025641025642,0.008547008547008548,0.07604999999999999,0.00234,79.56,2.34,2.34,2.34,1.2820512820512822,0.08547008547008547,3.8024999999999998,0.117,0.2652,0.0078,0.0078,0.0078,5.641025641025641,0.08547008547008547,0.10790539730951963,0.028952965460216785,0.5800692227250359,0.01336290713548467,-0.5764264802672645,0.012773367114801523,0.012773367114801523,0.012773367114801523,0.7513580737957071,0.006580219422776542,51.12359652247628,0.44609628440082044,52.11799264495828,0.038578643317509265,49.8073015040819,0.08572763204951067
27,30429,2.66,2e-07,5.4e-08,1.13e-06,1.9e-07,0.00576,0.00279,0.03,0.17,0.22,0.135,35.0,8.0,12.0,,,45.78034591674805,1.5545910596847534,4.420435978953625e+28,3.1646592527146142e+28,4.911001534585135e+51,7.155652495314046e+51,7.581190893553555e+51,1.934438146774607e+51,4.366765954686848e+49,2.390688556446434e+49,10.0,0.008196721311475409,0.04644808743169399,,,0.8052,0.49410000000000004,128.1,36.6,29.28,43.92,0.08196721311475408,0.4644808743169399,40.26,24.705000000000002,0.427,0.12200000000000001,0.0976,0.1464,,,-1.0863598306747484,2.4610020641184276,1.6048737705526357,0.26649888662245,-0.36957212497497616,0.12408413768664338,0.0992673101493147,0.14890096522397203,,,51.69117006983956,0.632795646925948,51.879737432264584,0.110815810408063,49.640159915687796,0.23776471163964488
28,30528,0.78,1.6e-07,3.2e-08,,,,,12.56,0.14,0.017,0.01,32.0,5.0,5.0,2.13,0.42,43.533302307128906,1.3264275789260864,1.5705666930717993e+28,9.593688444318123e+27,4.959553882708601e+50,6.139667529688708e+50,,,,,5.0,7.056179775280899,0.07865168539325844,1.196629213483146,0.23595505617977527,0.030260000000000002,0.0178,56.96,8.9,8.9,8.9,70.56179775280899,0.7865168539325843,1.5130000000000001,0.89,0.18986666666666666,0.029666666666666668,0.029666666666666668,0.029666666666666668,11.966292134831459,2.359550561797753,1.8485696370922833,0.004840862059431151,0.17983892802318674,0.25546734229603046,-0.7215512740908625,0.0678585127973831,0.0678585127973831,0.0678585127973831,1.0779596011298436,0.08563553164289474,50.69544261298384,0.5376337856033414,,,,
29,40924,0.86,2.6e-06,2.8e-07,,,,,0.9,0.01,0.06,0.003,67.0,6.0,6.0,0.33,0.17,43.67837142944336,1.3620234727859497,1.6790754338551813e+28,1.0531748611986616e+28,9.211357272723984e+51,1.1597872704960089e+52,,,,,6.0,0.48387096774193555,0.005376344086021506,0.1774193548387097,0.09139784946236561,0.11159999999999999,0.00558,124.61999999999999,11.16,11.16,11.16,4.838709677419355,0.053763440860215055,5.579999999999999,0.27899999999999997,0.4154,0.037200000000000004,0.037200000000000004,0.037200000000000004,1.7741935483870968,0.913978494623656,0.6847295652214086,0.004825494243369465,0.7466341989375787,0.021714724095162587,-0.3815335078009197,0.03889204315551509,0.03889204315551509,0.03889204315551509,0.24900099565997116,0.22372746037440247,51.964323627224516,0.5468132402697476,,,,
30,41006,0.71,2.5e-06,1.4e-07,1.75e-05,1.8e-06,0.00113,0.00034,,,0.05,0.002,63.0,13.0,13.0,1.28,0.01,43.38410186767578,1.3592244386672974,1.466277921621922e+28,9.178107795487907e+27,6.754332921329751e+51,8.464150764651672e+51,2.764931605222705e+52,4.961512979824455e+51,3.1243727139016563e+49,1.0945655733817508e+49,13.0,,,0.7485380116959065,0.0058479532163742695,0.0855,0.00342,107.73,22.23,22.23,22.23,,,4.275,0.17099999999999999,0.35910000000000003,0.0741,0.0741,0.0741,7.485380116959065,0.058479532163742694,,,0.6309361190641914,0.017371779276130067,-0.44478459487392685,0.08961632166257576,0.08961632166257576,0.08961632166257576,0.8742138592557146,0.003392925639869155,51.829582463218706,0.5442334593068467,52.441684392840806,0.07793168210595079,49.49476283632423,0.15214695304624462
31,50126,1.29,1.07e-07,1.56e-08,1.99e-06,1.15e-07,,,2.74,0.02,-0.01,0.065,47.0,8.0,23.0,1.58,1.91,44.505435943603516,1.3675930500030518,2.4574410603805403e+28,1.5476960702978682e+28,8.120071672647136e+50,1.0296326222719183e+51,6.594679275422519e+51,4.47109122297148e+50,,,15.5,1.1965065502183407,0.008733624454148471,0.6899563318777293,0.834061135371179,-0.0229,0.14885,107.63,35.495,18.32,52.67,11.965065502183407,0.08733624454148471,-1.145,7.442500000000001,0.3587666666666667,0.11831666666666665,0.061066666666666665,0.17556666666666668,6.899563318777293,8.34061135371179,1.0779150804805,0.0031700327146222756,,2.822914132371137,-0.4451879144440569,0.14322477594681704,0.07392246500480881,0.21252708688882535,0.8388216046145347,0.5250015572374751,50.90955986260297,0.5506894326395697,51.81919367898758,0.0294444985893293,,
32,50223,0.59,1.18e-07,1.66e-08,1.68e-06,1.04e-07,,,,,0.111,0.094,62.0,10.0,10.0,,,42.86974334716797,1.2002911567687988,1.1570299240132662e+28,6.39553502878435e+27,1.985093894647339e+50,2.2122359305745845e+50,1.7775065254277422e+51,1.3823755437705673e+50,,,10.0,,,,,0.17648999999999998,0.14945999999999998,98.57999999999998,15.899999999999999,15.899999999999999,15.899999999999999,,,8.824499999999999,7.472999999999999,0.32859999999999995,0.053,0.053,0.053,,,,,0.9456901074431276,0.36778091260275375,-0.48333244090095717,0.07004749708116965,0.07004749708116965,0.07004749708116965,,,50.297781053649665,0.48398811759346577,51.249811203748955,0.033775294885800396,,
33,50315,1.95,2.79e-07,1.93e-08,7.52e-06,2.07e-07,,,,,0.032,0.016,39.0,7.0,7.0,1.97,1.62,45.137454986572266,1.43558931350708,3.2876601611863217e+28,2.173515893252112e+28,3.78955230168353e+51,5.0174996297905996e+51,3.4624182380973385e+52,1.6988924189727584e+51,,,7.0,,,0.6677966101694914,0.5491525423728814,0.09440000000000001,0.047200000000000006,115.05000000000001,20.650000000000002,20.650000000000002,20.650000000000002,,,4.720000000000001,2.3600000000000003,0.38350000000000006,0.06883333333333334,0.06883333333333334,0.06883333333333334,6.677966101694914,5.491525423728813,,,0.6739419986340879,0.21714724095162588,-0.4162346317150002,0.07795029162366057,0.07795029162366057,0.07795029162366057,0.8246442101834299,0.35713556379861316,51.57858790537886,0.5750210654703461,52.53937952671874,0.021309372587887634,,
34,50401,2.9,1.74e-06,9.09e-08,1.69e-05,3.83e-07,0.0022,0.000752,0.06,0.02,0.187,0.019,118.0,18.0,18.0,0.25,0.16,45.3038215637207,1.4876866340637207,3.549443230298856e+28,2.431741351602021e+28,2.754733441592406e+52,3.7773058024771343e+52,6.860447268333578e+52,9.679691355529543e+51,1.5092983990333872e+50,5.581287426422146e+49,18.0,0.015384615384615384,0.005128205128205128,0.06410256410256411,0.041025641025641026,0.7293,0.0741,460.2,70.2,70.2,70.2,0.15384615384615383,0.05128205128205128,36.464999999999996,3.705,1.534,0.234,0.234,0.234,0.6410256410256411,0.41025641025641024,-0.8129133566428557,0.14476482730108395,1.5618762178990169,0.044126177305678,0.18582535961296215,0.06624831079880111,0.06624831079880111,0.06624831079880111,-0.19312459835446155,0.27794846841808113,52.44007958124724,0.5955070068516919,52.83635243055181,0.06127642087764653,50.178775111374016,0.1605992779667369
35,50406,2.44,4.05e-08,6.84e-09,1.41e-07,1.77e-08,,,,,0.02,0.274,25.0,13.0,35.0,,,45.27241516113281,1.511279821395874,3.4984764431504926e+28,2.434834921683384e+28,6.229064030472308e+50,8.734073756298186e+50,6.30417763635225e+50,2.5307188388193454e+50,,,24.0,,,,,0.0688,0.9425600000000001,86.0,82.56,44.72,120.39999999999999,,,3.44,47.128,0.2866666666666667,0.2752,0.14906666666666665,0.4013333333333333,,,,,0.5365584425715302,5.94983440207455,-0.5426228034760947,0.41692270262712167,0.2258331305896909,0.6080122746645524,,,50.79442279514415,0.6089454239578107,50.79962844201333,0.17434109416748594,,
36,50408,1.24,1.1e-06,2.1e-07,,,,,0.31,0.02,0.082,0.005,100.0,50.0,100.0,0.49,0.02,44.65071105957031,1.4622472524642944,2.6274722240449835e+28,1.769312851362415e+28,9.542865800348982e+51,1.2980617308064024e+52,,,,,75.0,0.13839285714285712,0.008928571428571428,0.21874999999999997,0.008928571428571428,0.18368000000000004,0.011200000000000002,224.00000000000003,168.00000000000003,112.00000000000001,224.00000000000003,1.3839285714285712,0.08928571428571427,9.184000000000001,0.56,0.7466666666666668,0.56,0.3733333333333334,0.7466666666666668,2.1874999999999996,0.08928571428571427,0.14111367550010978,0.02801899883246786,0.9630318750538983,0.026481370847759256,-0.12687323638549955,0.32572086142743883,0.21714724095162588,0.43429448190325176,0.33994806169435077,0.017726305383806196,51.9796788164627,0.5907460700520265,,,,
37,050416A,0.65,5.41e-07,3.24e-08,9.28e-07,5.68e-08,0.0145,0.00838,,,0.021,0.03,15.0,3.0,2.0,0.54,0.06,43.00058364868164,1.283581256866455,1.2288889849095512e+28,7.26409813399811e+27,1.0266736883827655e+51,1.2153126465215286e+51,1.067331185592569e+51,7.365950593102985e+50,1.547630219109225e+49,1.3931086386102053e+49,2.5,,,0.3272727272727273,0.03636363636363636,0.03465,0.049499999999999995,24.75,4.125,4.949999999999999,3.3,,,1.7325,2.4749999999999996,0.0825,0.01375,0.016499999999999997,0.011,3.272727272727273,0.3636363636363636,,,0.23867324328384434,0.6204206884332167,-1.083546051450075,0.07238241365054196,0.08685889638065035,0.05790593092043357,0.5149098156090622,0.04825494243369464,51.01143243205558,0.5140908763357348,51.02829919895397,0.29971875081871335,49.18966720118894,0.3909327867663353
38,50505,4.27,2.94e-07,2.99e-08,5.23e-06,2.29e-07,,,0.71,0.13,0.076,0.031,70.0,24.0,140.0,0.6,0.21,45.91321563720703,1.4458036422729492,4.699363605792686e+28,3.1289170370502617e+28,8.158969182991826e+51,1.0896403725671085e+52,2.7540957561764867e+52,2.0627391921667e+51,,,82.0,0.1347248576850095,0.024667931688804556,0.11385199240986718,0.03984819734345351,0.40051999999999993,0.16337,368.9,432.14,126.47999999999999,737.8,1.3472485768500948,0.24667931688804554,20.025999999999996,8.1685,1.2296666666666667,1.4404666666666666,0.4216,2.4593333333333334,1.1385199240986716,0.39848197343453506,0.12944773350652863,0.07951870795411653,1.3015942118293566,0.17714643340790537,0.08978740050714101,0.5087449645152378,0.14890096522397203,0.8685889638065035,0.05634063517109699,0.15200306866613814,51.91163529277132,0.580005623812604,52.439979036013895,0.03252741836424959,,
39,050525A,0.61,4.74e-06,6.5e-08,2.44e-05,2.14e-07,0.00247,0.000846,0.12,0.01,0.093,0.003,81.0,1.0,1.0,0.32,0.01,43.1123046875,1.3693448305130005,1.2937693527998311e+28,8.158594911768939e+27,9.970155323037565e+51,1.2575234734921791e+52,3.1877740635023273e+52,7.810431994973645e+51,7.873801936850748e+49,3.3158346854922553e+49,1.0,0.07453416149068323,0.006211180124223603,0.1987577639751553,0.006211180124223603,0.14972999999999997,0.00483,130.41,1.6099999999999999,1.6099999999999999,1.6099999999999999,0.7453416149068323,0.062111801242236024,7.486499999999999,0.2415,0.4347,0.005366666666666666,0.005366666666666666,0.005366666666666666,1.9875776397515528,0.062111801242236024,-0.1276446299842249,0.03619120682527098,0.8742788289218035,0.014009499416233931,-0.361810359809163,0.005361660270410516,0.005361660270410516,0.005361660270410516,0.2983241022880562,0.013571702559476618,51.99870192415044,0.5477703081912215,52.50348753278323,0.10640740055996706,49.8961844860429,0.1828911519952026
40,50603,2.82,8.01e-06,2.42e-07,2.73e-05,5.98e-07,,,-0.01,0.01,0.125,0.014,344.0,52.0,52.0,0.19,0.01,45.51991271972656,1.54218590259552,3.920834091299711e+28,2.7845875616560792e+28,1.5473883095242643e+53,2.1984163213367067e+53,1.3805943111036734e+53,5.754399289722335e+52,,,52.0,-0.002617801047120419,0.002617801047120419,0.04973821989528796,0.002617801047120419,0.4775,0.05348,1314.08,198.64,198.64,198.64,-0.02617801047120419,0.02617801047120419,23.875,2.674,4.3802666666666665,0.6621333333333332,0.6621333333333332,0.6621333333333332,0.4973821989528796,0.02617801047120419,,0.43429448190325176,1.377943380255784,0.048640981973164195,0.6415005507635764,0.0656491658690962,0.0656491658690962,0.0656491658690962,-0.30330976195887976,0.02285760431069746,53.18959931145122,0.6170138881145568,53.14006607949602,0.18101652586099462,,
41,50730,3.97,1.02e-07,1.58e-08,5.8e-06,2.25e-07,,,,,0.027,0.066,124.0,26.0,26.0,,,45.818450927734375,1.5128599405288696,4.498690412829207e+28,3.1342274857301757e+28,2.5940733398612555e+51,3.636836825174438e+51,2.967930203021123e+52,7.275594926661911e+50,,,26.0,,,,,0.13419,0.32802000000000003,616.2800000000001,129.22000000000003,129.22000000000003,129.22000000000003,,,6.7095,16.401,2.054266666666667,0.4307333333333334,0.4307333333333334,0.4307333333333334,,,,,0.8266901572283383,1.061608733541282,0.3126568191759048,0.09106174620552054,0.09106174620552054,0.09106174620552054,,,51.41398225033202,0.6088718235083813,52.472453683399706,0.010646310772390064,,
42,50802,1.71,5.47e-07,5.32e-08,5.24e-06,2.5e-07,,,,,0.07,0.036,121.0,28.0,28.0,2.03,1.02,45.56144714355469,1.550892949104309,3.996550917763201e+28,2.854387010367812e+28,1.0979129084657031e+52,1.5719174619192468e+52,3.8809903332908003e+52,5.790261968988709e+51,,,28.0,,,0.7490774907749077,0.3763837638376384,0.1897,0.09756,327.90999999999997,75.88,75.88,75.88,,,9.485,4.877999999999999,1.0930333333333333,0.25293333333333334,0.25293333333333334,0.25293333333333334,7.490774907749077,3.763837638376384,,,0.9770373352246813,0.22335144783595803,0.03863340647119336,0.10049789663876901,0.10049789663876901,0.10049789663876901,0.8745267470388072,0.21821693179375215,52.04056789123166,0.6217934723737875,52.58894256100755,0.06479477159052306,,
43,50814,5.3,1.04e-07,2.24e-08,3.99e-06,2.65e-07,,,,,-0.009,0.18,60.0,6.0,24.0,,,45.851600646972656,1.5280652046203613,4.567894355111928e+28,3.214427405035854e+28,2.7269382617305588e+51,3.882575466840623e+51,1.66063547990002e+52,6.0986731912364135e+50,,,15.0,,,,,-0.05669999999999999,1.134,378.0,94.5,37.8,151.2,,,-2.8349999999999995,56.699999999999996,1.26,0.315,0.126,0.504,,,,,,8.685889638065037,0.10037054511756291,0.10857362047581294,0.043429448190325175,0.1737177927613007,,,51.435675305564196,0.6183422354973841,52.22027431249858,0.015949437103708827,,
44,050820A,2.61,6.12e-07,3.49e-08,1.09e-05,4.66e-07,0.00673,0.00309,,,0.061,0.033,246.0,40.0,76.0,1.01,0.75,45.50315856933594,1.470300555229187,3.890699020113045e+28,2.6343861908778406e+28,1.1641704122375109e+52,1.5779131181695664e+52,5.74360323239226e+52,4.3692558359610495e+51,3.8654449753999905e+50,1.7989681929807406e+50,58.0,,,0.27977839335180055,0.20775623268698062,0.22021,0.11913,888.06,209.38,144.4,274.36,,,11.010499999999999,5.9565,2.9602,0.6979333333333333,0.48133333333333334,0.9145333333333334,2.7977839335180055,2.0775623268698062,,,1.0418070412524436,0.2349461951279887,0.4713210542893746,0.10239463394466912,0.07061698892735802,0.13417227896198025,0.44681417187698463,0.32249590240340487,52.06601655735629,0.5886414505473513,52.75918443124569,0.03303751360957293,50.587199495469676,0.20211953974332642
45,50824,0.83,7.92e-08,1.44e-08,7.41e-07,8.81e-08,,,,,0.289,0.64,15.0,5.0,5.0,,,43.70417785644531,1.4059187173843384,1.6991491125959643e+28,1.100113236786566e+28,2.8734128634554202e+50,3.757278496327413e+50,1.4690614697662875e+51,2.0417651200904172e+50,,,5.0,,,,,0.52887,1.1712,27.450000000000003,9.15,9.15,9.15,,,26.443499999999997,58.56,0.09150000000000001,0.030500000000000003,0.030500000000000003,0.030500000000000003,,,,,1.422318936822996,0.9617594062909384,-1.0385789059335517,0.14476482730108392,0.14476482730108392,0.14476482730108392,,,50.45839803164397,0.5678840443299418,51.16703996830338,0.06036012401433873,,
46,50826,0.3,7.66e-08,1.59e-08,1.12e-06,1.19e-07,,,,,0.063,0.105,105.0,47.0,47.0,1.11,2.28,40.64741516113281,1.2230651378631592,4.1579470453202996e+27,2.3419317021602296e+27,1.6641656042346616e+49,1.9062170045181412e+49,1.8717267290046406e+50,1.4484440098349543e+49,,,47.0,,,0.8538461538461539,1.7538461538461536,0.0819,0.1365,136.5,61.1,61.1,61.1,,,4.095,6.825,0.455,0.20366666666666666,0.20366666666666666,0.20366666666666666,8.538461538461538,17.538461538461537,,,0.6122539060964373,0.7238241365054198,-0.3419886033428876,0.19439848237574128,0.19439848237574128,0.19439848237574128,0.9313796264798206,0.8920643412066792,49.22119654156209,0.4974622262747112,50.27224244229282,0.03360807061571756,,
47,50908,3.35,9.83e-08,1.2e-08,1.09e-06,6.98e-08,,,,,-0.017,0.046,41.0,5.0,9.0,1.1,1.47,45.86500930786133,1.54179847240448,4.596187987005057e+28,3.2634057822668184e+28,2.6095098977475534e+51,3.7192988302336925e+51,6.651853436103024e+51,8.52735042434312e+50,,,7.0,,,0.25287356321839083,0.33793103448275863,-0.07395,0.20009999999999997,178.35,30.449999999999996,21.75,39.15,,,-3.6975000000000002,10.004999999999999,0.5945,0.10149999999999998,0.0725,0.1305,2.528735632183908,3.3793103448275863,,,,1.1751497745617399,-0.22584814104528958,0.07414783837372589,0.052962741695518505,0.09533293505193331,0.4029034282035877,0.5803753530888911,51.41655894845302,0.6189939957361199,51.822942671606874,0.05567442623506132,,
48,050922C,2.2,1.93e-06,5.18e-08,5.09e-06,1.03e-07,,,0.06,0.01,0.015,0.003,198.0,22.0,38.0,0.13,0.01,45.450355529785156,1.420426368713379,3.797231087050329e+28,2.4838847320864707e+28,3.497045060782365e+52,4.576010450279594e+52,2.882117771920699e+52,1.429873449493582e+52,,,30.0,0.01875,0.0031249999999999997,0.040625,0.0031249999999999997,0.048,0.009600000000000001,633.6,96.0,70.4,121.60000000000001,0.18749999999999997,0.031249999999999997,2.4,0.48000000000000004,2.112,0.32,0.2346666666666667,0.4053333333333334,0.40625,0.031249999999999997,-0.7269987279362624,0.07238241365054196,0.38021124171160603,0.08685889638065036,0.32469391386177465,0.06580219422776543,0.048254942433694645,0.08334944602183621,-0.3912066260130692,0.033407267838711674,52.54370122839819,0.5682901001119591,52.459711723407274,0.21546175350120875,,
49,051016B,0.94,1.92e-07,1.43e-08,4.31e-07,3.39e-08,,,,,0.008,0.03,24.0,7.0,7.0,,,44.05759048461914,1.366894245147705,1.999465977425085e+28,1.2586199695347849e+28,9.645819482638919e+50,1.2164895409025202e+51,1.1161265563298363e+51,6.271824828412895e+50,,,7.0,,,,,0.015519999999999999,0.058199999999999995,46.56,13.58,13.58,13.58,,,0.7759999999999999,2.9099999999999997,0.1552,0.04526666666666667,0.04526666666666667,0.04526666666666667,,,,,-0.1101382787418116,1.6286043071371943,-0.8091082830778303,0.12666922388844845,0.12666922388844845,0.12666922388844845,,,50.984339130027564,0.5477136451266528,51.047713441554514,0.24404212040257106,,
50,51022,0.8,1.1e-05,8.7e-07,0.00034,1.2e-05,0.0029,0.0001,,,0.088,0.008,510.0,20.0,22.0,0.19,0.04,43.91138458251953,1.3444569110870361,1.869273452849787e+28,1.157351850929242e+28,4.830012176828944e+52,5.993145836878733e+52,8.293960303645662e+53,3.3241041542979067e+52,2.4052484880572417e+51,1.271681913857193e+50,21.0,,,0.10555555555555556,0.022222222222222223,0.15839999999999999,0.014400000000000001,918.0,37.800000000000004,36.0,39.6,,,7.919999999999999,0.7200000000000001,3.06,0.126,0.12,0.132,1.0555555555555556,0.2222222222222222,,,0.8987251815894934,0.03948131653665926,0.48572142648158,0.017882713960722132,0.017031156153068695,0.01873427176837557,0.023481095849522904,0.09143041724278984,52.68394822564239,0.538878593036321,53.91876195242312,0.017405919954170693,51.38115995032207,0.022961637463513568
51,051109A,2.35,8.3e-07,8.83e-08,6.1e-06,4.58e-07,,,,,-0.006,0.025,161.0,35.0,130.0,0.7,1.25,45.77449035644531,1.4874190092086792,4.408531954157082e+28,3.0197640101620787e+28,2.027103588365446e+52,2.785418818222172e+52,4.447161262013746e+52,8.302165861800686e+51,,,82.5,,,0.208955223880597,0.3731343283582089,-0.0201,0.08375,539.35,276.375,117.25,435.5,,,-1.005,4.1875,1.7978333333333334,0.92125,0.3908333333333333,1.4516666666666667,2.08955223880597,3.731343283582089,,,,1.8095603412635493,0.2547494283490325,0.2225422034597408,0.09441184389201124,0.35067256302747035,0.32005323297741156,0.7755258605415211,52.30687594243056,0.5967588580506636,52.648082878028404,0.08107609796890806,,
52,51111,1.55,7.61e-07,3.65e-08,1.38e-05,2.76e-07,,,1.7,0.07,0.009,0.004,220.0,48.0,1703.0,1.8,0.24,45.01934814453125,1.4521422386169434,3.1136195869917768e+28,2.08219017540409e+28,9.270979527631535e+51,1.240765004262037e+52,6.592951353034717e+52,4.863163047167429e+51,,,875.5,0.6666666666666667,0.027450980392156866,0.7058823529411765,0.09411764705882353,0.022949999999999998,0.010199999999999999,561.0,2232.5249999999996,122.39999999999999,4342.65,6.666666666666667,0.27450980392156865,1.1475,0.5099999999999999,1.87,7.441749999999999,0.408,14.475499999999998,7.0588235294117645,0.9411764705882353,0.8239087409443188,0.017882713960722135,0.05975269420929884,0.19301976973477855,0.271841606536499,1.7282946313922585,0.09475515968798219,3.361834103096535,0.8487323246693509,0.05790593092043358,51.96712562205943,0.5812302713900283,52.819079871256136,0.032034892461453544,,
53,60108,2.03,1.22e-07,1.16e-08,8.62e-07,5.26e-08,,,,,0.006,0.04,65.0,10.0,600.0,,,45.42229461669922,1.5582236051559448,3.7484769536654964e+28,2.6898639130698515e+28,2.154167080583726e+51,3.098388421855414e+51,5.023243043508012e+51,1.021255517509863e+51,,,305.0,,,,,0.018179999999999998,0.12119999999999999,196.95,924.15,30.299999999999997,1817.9999999999998,,,0.9089999999999999,6.06,0.6565,3.0805,0.10099999999999999,6.06,,,,,-0.04143611677803259,2.8952965460216786,-0.18276526957450187,2.0378433381614123,0.06681453567742335,4.008872140645401,,,51.33327938483079,0.6246558154811757,51.70098419147845,0.08829467975693336,,
54,60115,3.53,1.3e-07,1.09e-08,3.76e-06,2.01e-07,,,,,0.019,0.029,62.0,6.0,19.0,1.11,1.71,45.64162826538086,1.4921777248382568,4.14688101805077e+28,2.8496256528851933e+28,2.8092886588288628e+51,3.868114449478699e+51,1.793670463100106e+52,8.529482464830372e+50,,,12.5,,,0.24503311258278151,0.3774834437086093,0.08606999999999998,0.13137,280.85999999999996,56.62499999999999,27.179999999999996,86.07,,,4.303499999999999,6.568499999999999,0.9361999999999998,0.18874999999999997,0.09059999999999999,0.2869,2.450331125827815,3.774834437086093,,,0.6338218073016795,0.6628705250102265,-0.028631363208576774,0.08755937135146205,0.042028498248701786,0.13309024445422232,0.38922477677382566,0.6690482559050095,51.448596365935536,0.597980828883263,52.25374265654353,0.020652105524244437,,
55,60206,4.05,4.41e-07,1.63e-08,1.9e-06,5.83e-08,,,0.01,0.03,0.007,0.004,78.0,8.0,23.0,1.16,0.18,45.82863235473633,1.5260266065597534,4.519833041581207e+28,3.1763633967596003e+28,1.1321220232513158e+52,1.5917730242277937e+52,9.658659860252351e+51,3.151687245849411e+51,,,15.5,0.0019801980198019802,0.005940594059405941,0.22970297029702968,0.03564356435643564,0.03535,0.0202,393.9,78.27499999999999,40.4,116.14999999999999,0.019801980198019802,0.0594059405940594,1.7674999999999998,1.01,1.313,0.26091666666666663,0.13466666666666666,0.38716666666666666,2.297029702970297,0.35643564356435636,-1.7032913781186614,1.3028834457097551,0.24735942246893697,0.24816827537328676,0.11826472608947933,0.08630210858333849,0.0445430237849489,0.12806119338172808,0.3611666111082571,0.06739052305395286,52.053893238838725,0.6106216703383774,51.984916872205055,0.1417132810722558,,
56,60210,3.91,5.37e-07,3.36e-08,1.97e-05,6.39e-07,,,0.15,0.17,0.183,0.033,149.0,35.0,400.0,0.73,0.5,45.62575149536133,1.5503675937652588,4.11667157605245e+28,2.939182730444213e+28,1.1436064373184272e+52,1.634569850237976e+52,8.544507585391049e+52,3.326729428823683e+51,,,217.5,0.03054989816700611,0.034623217922606926,0.14867617107942974,0.10183299389002036,0.89853,0.16203,731.59,1067.925,171.85,1964.0,0.30549898167006106,0.34623217922606925,44.926500000000004,8.1015,2.4386333333333337,3.5597499999999997,0.5728333333333333,6.546666666666667,1.4867617107942972,1.0183299389002036,-0.5149902330672873,0.49220041282368543,1.6525025861894167,0.07831539837599621,0.38714650581558013,0.6339533544560889,0.10201548232626717,1.1658912265859107,0.17224136799748738,0.2974619739063369,52.05827659132044,0.6207421041703323,52.93168703965951,0.016908876483338744,,
57,060223A,4.41,2.06e-07,1.67e-08,1.51e-06,6.54e-08,,,,,0.036,0.021,71.0,10.0,100.0,0.41,0.23,45.868289947509766,1.5049058198928833,4.603137111660037e+28,3.19013393803392e+28,5.4851045108169284e+51,7.615728615104094e+51,7.431857411960556e+51,1.4059975518996561e+51,,,55.0,,,0.07578558225508317,0.04251386321626618,0.19476,0.11361000000000002,384.11,297.55,54.1,541.0,,,9.738,5.6805,1.2803666666666667,0.9918333333333333,0.18033333333333335,1.8033333333333332,0.7578558225508316,0.42513863216266173,,,0.9884697702098755,0.2533384477768969,0.10733435910598228,0.33642530288280065,0.06116823688778194,0.6116823688778193,-0.12041340838683404,0.24362861179938522,51.73918490684942,0.6029910472425624,51.87109736866686,0.08216209549133667,,
58,60418,1.49,1.49e-06,4.85e-08,2.62e-05,4.85e-07,,,0.22,0.03,0.104,0.008,230.0,20.0,20.0,0.67,0.08,45.4901123046875,1.4096128940582275,3.8673936754134947e+28,2.510521417343978e+28,2.8004827232627766e+52,3.637013329934577e+52,1.9776460836496252e+53,1.4603374917735828e+52,,,20.0,0.08835341365461846,0.012048192771084336,0.26907630522088355,0.0321285140562249,0.25896,0.019920000000000004,572.7,49.800000000000004,49.800000000000004,49.800000000000004,0.8835341365461846,0.12048192771084336,12.948,0.9960000000000002,1.9090000000000003,0.166,0.166,0.166,2.6907630522088355,0.32128514056224894,-0.05377666627353016,0.059221974804988885,1.1122026907305356,0.03340726783871168,0.2808059283936668,0.037764737556804505,0.037764737556804505,0.037764737556804505,0.4298754556050901,0.05185605754068676,52.44723289776363,0.5640223403909733,53.296148573575366,0.032069262525643336,,
59,060502A,1.51,3.72e-07,2.81e-08,6.59e-06,1.77e-07,,,4.9,0.11,0.004,0.01,156.0,33.0,400.0,2.94,1.19,45.4425048828125,1.467774510383606,3.7835275293635765e+28,2.5574192159188645e+28,6.691856208667562e+51,9.060632935252291e+51,4.722971813297267e+52,3.604903131413928e+51,,,216.5,1.9521912350597612,0.043824701195219126,1.1713147410358566,0.47410358565737054,0.010039999999999999,0.025099999999999997,391.55999999999995,543.415,82.83,1003.9999999999999,19.52191235059761,0.43824701195219123,0.5019999999999999,1.255,1.3052,1.8113833333333331,0.2761,3.3466666666666662,11.713147410358566,4.741035856573705,1.2905223585474754,0.009749467961093407,-0.2992962828549807,1.0857362047581296,0.11567706511583728,0.6027227905900898,0.09186998655645712,1.1135755946237225,1.068673608931119,0.17578586172274477,51.82554660048325,0.5880256185472402,52.674215353714324,0.033148398924613326,,
60,060510B,4.9,9.51e-08,1.12e-08,9.98e-06,2.62e-07,,,,,0.11,0.06,95.0,30.0,60.0,,,45.57025909423828,1.4932689666748047,4.012802085982512e+28,2.7595067743644476e+28,1.9243579665561008e+51,2.6563542288632865e+51,3.422818532896662e+52,4.486696288409838e+50,,,45.0,,,,,0.649,0.354,560.5,265.5,177.0,354.0,,,32.45,17.7,1.8683333333333334,0.885,0.59,1.18,,,,,1.5112147011363881,0.23688789921995548,0.2714543622113295,0.20571843879627716,0.13714562586418477,0.27429125172836955,,,51.28428586210908,0.5994934433328368,52.534383874816896,0.005692815500748084,,
61,60512,0.44,1.32e-07,1.83e-08,6.04e-07,6.34e-08,,,,,0.043,0.173,22.0,6.0,6.0,,,42.010257720947266,1.3379523754119873,7.788385972695434e+27,4.798812762771708e+27,1.0061870582623917e+50,1.247746009262934e+50,3.197269482273172e+50,8.641764167828966e+49,,,6.0,,,,,0.061919999999999996,0.24911999999999998,31.68,8.64,8.64,8.64,,,3.0959999999999996,12.456,0.1056,0.028800000000000003,0.028800000000000003,0.028800000000000003,,,,,0.49080095201085494,1.747277799285176,-0.9763360818022065,0.11844394960997777,0.11844394960997777,0.11844394960997777,,,50.00267872706111,0.5385571223461145,50.50477924238114,0.11738361476271418,,
62,60522,5.11,8.73e-08,1.45e-08,2.42e-06,1.43e-07,,,,,0.034,0.185,80.0,12.0,382.0,,,45.9608268737793,1.5451548099517822,4.803538727778125e+28,3.41805446732316e+28,2.5313179610584767e+51,3.626871760158899e+51,1.1484355104417324e+52,5.90102175394651e+50,,,197.0,,,,,0.20774000000000004,1.13035,488.8,1203.67,73.32000000000001,2334.02,,,10.387000000000002,56.5175,1.6293333333333333,4.0122333333333335,0.24440000000000003,7.7800666666666665,,,,,1.0164901316208284,2.363072916238281,0.21200994251483538,1.0694501616867575,0.06514417228548777,2.0737561510880274,,,51.403346700693646,0.6222570282514407,52.06010661272595,0.022315412245867194,,
63,60526,3.21,2.33e-07,1.53e-08,3.01e-06,2.4e-07,0.00655,0.0016,0.17,0.09,0.085,0.03,25.0,5.0,5.0,0.38,0.11,45.93185806274414,1.5277276039123535,4.739882046786516e+28,3.3347182356221997e+28,6.57810579020868e+51,9.266054689723687e+51,2.0185026891346097e+52,2.2020973580727e+51,1.3221192613831694e+50,3.5370589537809377e+49,5.0,0.040380047505938245,0.021377672209026127,0.09026128266033254,0.026128266033254157,0.35785,0.1263,105.25,21.05,21.05,21.05,0.40380047505938244,0.21377672209026125,17.8925,6.3149999999999995,0.35083333333333333,0.07016666666666667,0.07016666666666667,0.07016666666666667,0.9026128266033253,0.26128266033254155,-0.39383317445739435,0.22992060806642736,1.25267102588598,0.15328040537761828,-0.4548991502119565,0.08685889638065036,0.08685889638065036,0.08685889638065036,-0.0444984992188582,0.12571682370883605,51.81810085360003,0.6117561117291006,52.30502933233219,0.047379611450243914,50.12127063232397,0.11618658245599515
64,60604,2.68,5.1e-08,1.19e-08,9.82e-07,1.57e-07,,,,,0.08,0.338,40.0,5.0,5.0,,,45.391502380371094,1.5586403608322144,3.6956973437901277e+28,2.652699162194246e+28,8.753320609081842e+50,1.2730829385718556e+51,4.580008971716949e+51,3.435764325558026e+50,,,5.0,,,,,0.2944,1.24384,147.20000000000002,18.400000000000002,18.400000000000002,18.400000000000002,,,14.719999999999999,62.192,0.49066666666666675,0.061333333333333344,0.061333333333333344,0.061333333333333344,,,,,1.1679078100014801,1.8348941860412389,-0.3092134447181823,0.05428681023790648,0.05428681023790648,0.05428681023790648,,,50.94217283572273,0.6316378891152346,51.66086632873822,0.03257926997358105,,
65,60605,3.8,8.56e-08,1.36e-08,1.58e-06,1.24e-07,0.000823,5.14e-05,,,-0.013,0.068,90.0,12.0,91.0,1.22,0.72,45.81377029418945,1.5043652057647705,4.4890038778044695e+28,3.109918050405517e+28,2.1676221979020747e+51,3.02307608687636e+51,8.335385204160042e+51,6.267103470679422e+50,6.860022023023714e+48,6.705158547752395e+47,51.5,,,0.25416666666666665,0.15,-0.0624,0.3264,432.0,247.2,57.599999999999994,436.8,,,-3.1199999999999997,16.32,1.44,0.824,0.19199999999999998,1.456,2.5416666666666665,1.4999999999999998,,,,2.2716942130323945,0.15836249209524964,0.24851295353352743,0.05790593092043357,0.4391199761466213,0.405118593299161,0.256304940139624,51.33598358982929,0.6056891575362021,51.920925674730974,0.0326531814447448,48.836325509943244,0.04244903803226785
66,060607A,3.08,2.66e-07,1.5e-08,6.33e-06,1.69e-07,,,1.98,0.11,0.025,0.008,120.0,17.0,190.0,1.23,0.68,45.89568328857422,1.552221655845642,4.661573963904959e+28,3.332207227404476e+28,7.263679270127303e+51,1.039258674280837e+52,4.236610808262e+52,2.5456672203978074e+51,,,103.5,0.4852941176470588,0.02696078431372549,0.3014705882352941,0.16666666666666669,0.10200000000000001,0.03264,489.6,422.28000000000003,69.36,775.2,4.852941176470588,0.2696078431372549,5.1000000000000005,1.6320000000000001,1.6320000000000001,1.4076000000000002,0.2312,2.584,3.0147058823529407,1.6666666666666667,0.6860050271716511,0.024127471216847322,0.7075701760979364,0.13897423420904056,0.21272015441784237,0.3745789906415547,0.061525051602960665,0.6876329296801487,0.4792449483495179,0.2400977623530173,51.86115665953711,0.6213714712961798,52.62701856983352,0.02609560511021541,,
67,60707,3.43,1.53e-07,2.12e-08,3.41e-06,1.96e-07,,,,,0.05,0.054,63.0,6.0,13.0,,,45.842308044433594,1.5380195379257202,4.548388267585121e+28,3.2215514187336284e+28,3.9775564879268875e+51,5.661371337783099e+51,2.0011312683619835e+52,1.2729383589752488e+51,,,9.5,,,,,0.2215,0.23922,279.09,42.084999999999994,26.58,57.589999999999996,,,11.075,11.960999999999999,0.9302999999999999,0.14028333333333332,0.0886,0.19196666666666665,,,,,1.0443437348951072,0.4690380404555119,-0.03137697904301121,0.06548885044572846,0.04136137922888113,0.08961632166257577,,,51.59961635606739,0.618143913095226,52.30127557801922,0.027625879113789855,,
68,60714,2.71,2.3e-07,1.42e-08,6.88e-06,2.47e-07,,,,,0.125,0.022,103.0,16.0,21.0,,,45.47408676147461,1.4985864162445068,3.838957233293581e+28,2.6493586274204413e+28,4.2595551745143954e+51,5.885125875672818e+51,3.4344005157223765e+52,1.585238722242692e+51,,,18.5,,,,,0.46375,0.08162,382.13,68.635,59.36,77.91,,,23.1875,4.0809999999999995,1.2737666666666667,0.22878333333333334,0.19786666666666666,0.2597,,,,,1.365253926959121,0.07643582881497231,0.10508987960055566,0.07800434869136076,0.06746322048982552,0.08854547689289599,,,51.62936424808379,0.6000339444839159,52.535850940686665,0.020046014622279867,,
69,60729,0.54,1.93e-07,1.3e-08,6.43e-06,3.16e-07,,,,,0.092,0.041,61.0,9.0,9.0,,,42.462528228759766,1.2990095615386963,9.591832087175252e+27,5.737987523723602e+27,2.231363413945667e+50,2.673902109673137e+50,4.8272884569243794e+51,1.735016803010663e+50,,,9.0,,,,,0.14168,0.06314,93.94,13.86,13.86,13.86,,,7.084,3.157,0.3131333333333333,0.0462,0.0462,0.0462,,,,,0.8502785525180371,0.1935442799786231,-0.5042706988724324,0.064076235034906,0.064076235034906,0.064076235034906,,,50.348570307988034,0.5204266253192154,51.68370325106802,0.015609347365105181,,
70,60814,0.84,1.83e-06,4.44e-08,4.94e-05,4.91e-07,,,0.29,0.03,0.04,0.003,257.0,35.0,74.0,1.65,0.24,43.73891067504883,1.3115651607513428,1.7265456146976236e+28,1.042830232040514e+28,6.855151658061963e+51,8.282666941457947e+51,1.0057154071877553e+53,4.5006941007373777e+51,,,54.5,0.15760869565217392,0.016304347826086956,0.8967391304347826,0.13043478260869565,0.0736,0.00552,472.87999999999994,100.27999999999999,64.39999999999999,136.16,1.576086956521739,0.16304347826086954,3.6799999999999997,0.27599999999999997,1.5762666666666665,0.3342666666666666,0.21466666666666664,0.45386666666666664,8.967391304347826,1.3043478260869563,0.1975801748894196,0.0449270153693019,0.5658478186735176,0.03257208614274388,0.19762969162116853,0.09209746795224599,0.05914516290511211,0.1250497729993799,0.9526661212043698,0.0631701064586548,51.836017067226315,0.524731869919654,53.00247510341,0.019435186124376985,,
71,060904B,0.7,4.37e-07,2.28e-08,4.05e-06,2.17e-07,,,0.36,0.09,0.003,0.008,80.0,12.0,770.0,1.0,0.16,43.67863845825195,1.3640573024749756,1.6792819246581994e+28,1.054877217046721e+28,1.5485974070360515e+51,1.947246777771051e+51,8.442346881809139e+51,1.1454931517677896e+51,,,391.0,0.21176470588235294,0.052941176470588235,0.5882352941176471,0.09411764705882353,0.0051,0.0136,136.0,664.6999999999999,20.4,1309.0,2.1176470588235294,0.5294117647058824,0.255,0.6799999999999999,0.4533333333333333,2.2156666666666665,0.06799999999999999,4.363333333333333,5.88235294117647,0.9411764705882353,0.3258535793890133,0.10857362047581294,-0.5934598195660448,1.1581186184086711,-0.34358234634944496,2.122614280302143,0.06514417228548776,4.180084388318798,0.769551078621726,0.0694871171045203,51.18993852774756,0.5460932109581967,51.92646319261353,0.05892690289031433,,
72,60908,2.43,6.69e-07,3.36e-08,7.68e-06,1.85e-07,,,0.26,0.06,0.061,0.008,151.0,25.0,112.0,0.52,0.09,45.434547424316406,1.4874207973480225,3.7696879955231424e+28,2.5821706504221264e+28,1.1946668006325578e+52,1.637751401970131e+52,3.998414163630519e+52,4.7723175099736264e+51,,,68.5,0.07580174927113703,0.017492711370262388,0.15160349854227406,0.026239067055393583,0.20923,0.027440000000000003,517.9300000000001,234.955,85.75,384.16,0.7580174927113703,0.17492711370262387,10.4615,1.372,1.7264333333333335,0.7831833333333333,0.28583333333333333,1.2805333333333335,1.5160349854227406,0.26239067055393583,-0.12032077207195249,0.100221803516135,1.0195939593895562,0.056956653364360905,0.23714981261627754,0.19701438417465394,0.07190305991775692,0.322125708431551,0.18070922359202868,0.07516635263710125,52.07724679497074,0.5953680107527368,52.601887777191656,0.05183532959952106,,
73,60926,3.21,1.56e-07,1.22e-08,5.47e-07,3.8e-08,,,1.03,0.11,0.148,0.05,20.0,11.0,11.0,,,45.766563415527344,1.4891104698181152,4.392467985588738e+28,3.0121819816896462e+28,3.782262545187764e+51,5.19588042733695e+51,3.1501577626799855e+51,1.233753991788453e+51,,,11.0,0.24465558194774348,0.026128266033254157,,,0.62308,0.21050000000000002,84.2,46.31,46.31,46.31,2.446555819477435,0.26128266033254155,31.153999999999996,10.525,0.2806666666666667,0.15436666666666668,0.15436666666666668,0.15436666666666668,,,0.38855512886950394,0.046380964086755044,1.4935138155666445,0.1467211087510986,-0.5518091632200128,0.23886196504678847,0.23886196504678847,0.23886196504678847,,,51.57775167204176,0.5966117294243848,51.498332304185055,0.17009070371256405,,
74,60927,5.6,4.02e-07,1.54e-08,2.37e-06,8.67e-08,,,0.12,0.04,0.094,0.01,72.0,7.0,15.0,0.46,0.12,45.938907623291016,1.4633984565734863,4.755294806591446e+28,3.2046877731539205e+28,1.1423279679330716e+52,1.5402968487100858e+52,1.0203969862812378e+52,2.3337001333652556e+51,,,11.0,0.01818181818181818,0.0060606060606060615,0.0696969696969697,0.01818181818181818,0.6204,0.066,475.2,72.6,46.199999999999996,99.0,0.1818181818181818,0.060606060606060615,31.019999999999996,3.3000000000000003,1.5839999999999999,0.242,0.154,0.33,0.696969696969697,0.1818181818181818,-0.7403626894942439,0.14476482730108398,1.491641793477586,0.046201540628005515,0.19975517725347464,0.06635054584633014,0.04222307462948281,0.09047801706317747,-0.15678610386029457,0.11329421267041348,52.05779080987723,0.5855957664226173,52.00876916726099,0.09932537080799186,,
75,61007,1.26,7.2e-06,1.11e-07,0.000224,1.72e-06,,,0.11,0.01,0.066,0.003,399.0,11.0,12.0,0.38,0.02,45.027076721191406,1.3989979028701782,3.124721142658513e+28,2.013140165389992e+28,8.834152507462419e+52,1.1383838308769712e+53,1.216107523151169e+54,5.036825533431997e+52,,,11.5,0.04867256637168142,0.004424778761061948,0.168141592920354,0.008849557522123895,0.14916,0.00678,901.7399999999999,25.99,24.86,27.119999999999997,0.4867256637168142,0.044247787610619475,7.457999999999999,0.33899999999999997,3.0058,0.08663333333333333,0.08286666666666666,0.0904,1.6814159292035398,0.08849557522123895,-0.31271575398917584,0.039481316536659254,0.8726223790252884,0.019740658268329627,0.47796008011448665,0.012517259503477181,0.011973030829412956,0.013061488177541406,0.22567515746940922,0.022857604310697468,52.94616489238419,0.5596392134051648,54.08497197513968,0.017987435270614676,,
76,061110A,0.76,9.79e-08,1.35e-08,2.71e-06,1.18e-07,,,,,-0.038,0.05,90.0,13.0,13.0,,,43.47280502319336,1.3281002044677734,1.5274145606678317e+28,9.341862145887942e+27,2.8701619889724574e+50,3.533093470735483e+50,4.514195253804532e+51,1.996067568286537e+50,,,13.0,,,,,-0.06688,0.08800000000000001,158.4,22.88,22.88,22.88,,,-3.344,4.4,0.528,0.07626666666666666,0.07626666666666666,0.07626666666666666,,,,,,0.5714401077674367,-0.27736607746618774,0.06273142516380303,0.06273142516380303,0.06273142516380303,,,50.45790640855684,0.5346050168193321,51.654580339813954,0.019203447827877713,,
77,061110B,3.44,1.79e-07,2.66e-08,6.12e-06,3.38e-07,,,0.24,0.36,0.155,0.064,517.0,53.0,53.0,0.79,0.64,45.63408279418945,1.509743094444275,4.132496368165773e+28,2.8731692962399607e+28,3.841385176361961e+51,5.3719572330411234e+51,2.958034787776839e+52,1.2039983747359342e+51,,,53.0,0.05405405405405406,0.08108108108108109,0.17792792792792794,0.14414414414414417,0.6881999999999999,0.28415999999999997,2295.4799999999996,235.31999999999996,235.31999999999996,235.31999999999996,0.5405405405405406,0.8108108108108109,34.41,14.207999999999998,7.651599999999998,0.7843999999999999,0.7843999999999999,0.7843999999999999,1.7792792792792793,1.4414414414414416,-0.2671717284030138,0.6514417228548777,1.53668467262093,0.17932159252779428,0.8837522584888998,0.04452148460516894,0.04452148460516894,0.04452148460516894,0.2502441211758216,0.35183350432668503,51.58448785613203,0.6073359676832858,52.47100327718308,0.01767693377133291,,
78,61121,1.31,8.04e-06,1.07e-07,6.53e-05,5.76e-07,,,0.03,0.01,0.05,0.003,606.0,44.0,55.0,0.98,0.19,44.66891860961914,1.3807014226913452,2.649595903510723e+28,1.6847097929968076e+28,7.092922262639638e+52,9.020371699178535e+52,2.4938501418791776e+53,3.9048029256534506e+52,,,49.5,0.012987012987012986,0.004329004329004329,0.4242424242424242,0.08225108225108226,0.1155,0.00693,1399.8600000000001,114.345,101.64,127.05,0.12987012987012986,0.04329004329004329,5.775,0.34650000000000003,4.666200000000001,0.38115,0.3388,0.4235,4.242424242424241,0.8225108225108225,-0.8864907251724818,0.14476482730108392,0.7615519885641819,0.026057668914195108,0.6689633493387681,0.03547454926437452,0.03153293267944402,0.039416165849305025,0.6276140958003504,0.08419995057307945,52.850825200072464,0.5523108119066845,53.39687035270694,0.06800065228671336,,
79,061222B,3.36,2.29e-07,3.15e-08,5.01e-06,2.49e-07,,,,,0.024,0.043,49.0,8.0,8.0,,,45.75022888183594,1.5173805952072144,4.3595503524505725e+28,3.046364798211239e+28,5.469262178791882e+51,7.680551910438427e+51,2.7443815868502196e+52,1.7542315146165e+51,,,8.0,,,,,0.10463999999999998,0.18747999999999995,213.64,34.879999999999995,34.879999999999995,34.879999999999995,,,5.231999999999999,9.373999999999997,0.7121333333333333,0.11626666666666666,0.11626666666666666,0.11626666666666666,,,,,0.7186677353162108,0.7781109467433259,-0.14743868542256278,0.07090522153522479,0.07090522153522479,0.07090522153522479,,,51.73792874255062,0.6098850637677239,52.43844449680939,0.027760464158088277,,
80,70110,2.35,1.12e-07,1.36e-08,4.04e-06,1.64e-07,,,,,-0.01,0.031,110.0,30.0,30.0,,,45.43492126464844,1.5336003303527832,3.770337040255087e+28,2.662796959858514e+28,2.000728856480561e+51,2.8364491770190358e+51,2.154302926487598e+52,8.439380718545304e+50,,,30.0,,,,,-0.0335,0.10385,368.5,100.5,100.5,100.5,,,-1.675,5.1925,1.2283333333333333,0.335,0.335,0.335,,,,,,1.3463128939000806,0.08931623747540782,0.11844394960997778,0.11844394960997778,0.11844394960997778,,,51.30118823600591,0.6157027334255154,52.33330677140949,0.017013282726773594,,
81,70208,1.17,1.39e-07,2.06e-08,1.06e-06,1.46e-07,,,,,0.083,0.211,51.0,10.0,10.0,,,44.58571243286133,1.3706691265106201,2.549989594770147e+28,1.6095954040942174e+28,1.1357989971140679e+51,1.4437164874895104e+51,3.9914694723366776e+51,6.646907308170511e+50,,,10.0,,,,,0.18011,0.45786999999999994,110.67,21.7,21.7,21.7,,,9.0055,22.893499999999996,0.3689,0.07233333333333333,0.07233333333333333,0.07233333333333333,,,,,0.9545078305606222,1.1040498274889894,-0.43309134477319655,0.08515578076534348,0.08515578076534348,0.08515578076534348,,,51.05530148087498,0.5520326268490887,51.60113281203713,0.07232211559345625,,
82,70318,0.84,4.1e-07,2.12e-08,7.34e-06,2.01e-07,,,,,0.037,0.008,154.0,19.0,19.0,0.72,0.24,44.139923095703125,1.3207008838653564,2.0767324109810373e+28,1.2630795209345957e+28,2.222054990494205e+51,2.7053718634398462e+51,2.1619676074002473e+52,1.4693564073366663e+51,,,19.0,,,0.391304347826087,0.13043478260869565,0.06807999999999999,0.014719999999999999,283.35999999999996,34.959999999999994,34.959999999999994,34.959999999999994,,,3.4039999999999995,0.7359999999999999,0.9445333333333332,0.11653333333333331,0.11653333333333331,0.11653333333333331,3.9130434782608696,1.3043478260869563,,,0.5319895514125502,0.09390150960070309,-0.024782710873662954,0.05358178672832327,0.05358178672832327,0.05358178672832327,0.5925146734217319,0.14476482730108392,51.34675480247734,0.5287574235626492,52.334849182664136,0.029516324734525153,,
83,70411,2.95,1.5e-07,1.31e-08,6.29e-06,2.19e-07,,,,,0.041,0.029,83.0,11.0,11.0,,,45.816139221191406,1.501955270767212,4.493903744415387e+28,3.108325201676785e+28,3.806700025473296e+51,5.2764894997794326e+51,4.04120559666279e+52,1.333588218182857e+51,,,11.0,,,,,0.16195,0.11455000000000001,327.85,43.45,43.45,43.45,,,8.0975,5.727500000000001,1.0928333333333333,0.14483333333333334,0.14483333333333334,0.14483333333333334,,,,,0.9083509566822145,0.3071839018340074,0.03855393328287169,0.05755710001127434,0.05755710001127434,0.05755710001127434,,,51.5805486550086,0.6019781590985077,52.606510945771724,0.014331614426305869,,
84,70506,2.31,1.67e-07,1.38e-08,5.16e-07,3.43e-08,,,2.52,0.04,0.01,0.03,31.0,3.0,2.0,0.12,0.06,45.4884033203125,1.4732509851455688,3.8643511706150388e+28,2.621796686942621e+28,3.133859390747685e+51,4.2602567066889185e+51,2.925396540379915e+51,1.2862471620519e+51,,,2.5,0.7613293051359517,0.012084592145015106,0.036253776435045314,0.018126888217522657,0.033100000000000004,0.0993,102.61,8.275,9.93,6.62,7.613293051359516,0.12084592145015105,1.6550000000000002,4.965,0.34203333333333336,0.027583333333333335,0.0331,0.02206666666666667,0.3625377643504531,0.18126888217522655,0.8815725470058253,0.00689356320481352,0.21879799811173758,1.3028834457097551,-0.465931567109671,0.03502374854058482,0.04202849824870178,0.028018998832467855,-0.440646747728094,0.2171472409516259,51.496079506748934,0.5903921486295178,51.46618474345285,0.19095190588087327,,
85,70508,0.82,7.67e-06,1.18e-07,7.26e-05,6.15e-07,,,0.04,0.01,0.106,0.003,233.0,7.0,7.0,0.2,0.01,43.68924331665039,1.3885754346847534,1.6875031223027937e+28,1.0790951666318813e+28,2.744696939720461e+52,3.510516155136387e+52,1.4274610500716757e+53,1.9287577959023734e+52,,,7.0,0.02197802197802198,0.005494505494505495,0.1098901098901099,0.005494505494505495,0.19291999999999998,0.00546,424.05999999999995,12.739999999999998,12.739999999999998,12.739999999999998,0.21978021978021978,0.054945054945054944,9.645999999999999,0.27299999999999996,1.413533333333333,0.04246666666666666,0.04246666666666666,0.04246666666666666,1.098901098901099,0.054945054945054944,-0.6580113966571124,0.10857362047581294,0.9843472575858638,0.012291353261412785,0.15030605429143123,0.013047473705247907,0.013047473705247907,0.013047473705247907,0.04095860767890644,0.021714724095162587,52.438494398085496,0.5554703591294229,53.15456426685153,0.0586810314471431,,
86,70521,0.55,2.09e-06,5.26e-08,2.97e-05,4e-07,,,0.04,0.01,0.116,0.004,222.0,12.0,16.0,0.58,0.06,42.632450103759766,1.2808693647384644,1.037255968467412e+28,6.118380263915055e+27,2.8257129053354038e+51,3.33432061380865e+51,2.59063661949256e+52,2.150825389723134e+51,,,14.0,0.025806451612903226,0.0064516129032258064,0.37419354838709673,0.038709677419354833,0.17980000000000002,0.006200000000000001,344.1,21.7,18.6,24.8,0.25806451612903225,0.06451612903225806,8.99,0.31000000000000005,1.147,0.07233333333333333,0.062000000000000006,0.08266666666666667,3.741935483870967,0.3870967741935483,-0.5882717068423291,0.10857362047581294,0.9537596917332287,0.014975671789767305,0.059563417901267686,0.02738794030020507,0.023475377400175773,0.031300503200234364,0.5730962953926457,0.0449270153693019,51.451128035091315,0.5124643203275026,52.41340650012718,0.036056450034939014,,
87,70529,2.5,3.32e-07,5.08e-08,7.44e-06,4.31e-07,,,,,0.17,0.091,180.0,52.0,52.0,,,45.75075149536133,1.5666605234146118,4.360599702265023e+28,3.1460585831131967e+28,7.933053612795036e+51,1.1511160549469217e+52,5.079338974113172e+52,3.273200723353115e+51,,,52.0,,,,,0.5950000000000001,0.3185,630.0,182.0,182.0,182.0,,,29.750000000000004,15.925,2.1,0.6066666666666667,0.6066666666666667,0.6066666666666667,,,,,1.4734869700645685,0.2324752814893877,0.3222192947339193,0.12546285032760607,0.12546285032760607,0.12546285032760607,,,51.89944038932492,0.6301777034348713,52.70580719681649,0.027986575016135495,,
88,70611,2.04,1.45e-07,2.25e-08,9.52e-07,8.44e-08,,,,,0.053,0.08,92.0,30.0,30.0,,,45.281803131103516,1.5107144117355347,3.5136342184689414e+28,2.444469396961227e+28,2.2495257153776158e+51,3.149437555652422e+51,4.858322325407191e+51,1.0317042054319346e+51,,,30.0,,,,,0.16111999999999999,0.2432,279.68,91.2,91.2,91.2,,,8.056,12.16,0.9322666666666667,0.304,0.304,0.304,,,,,0.9061194575455616,0.6555388406086821,-0.030459843765353416,0.14161776583801688,0.14161776583801688,0.14161776583801688,,,51.35209096215274,0.6080318807509653,51.68648632469348,0.09222596060213327,,
89,070612A,0.62,2.77e-07,4.24e-08,2.72e-05,9.37e-07,,,,,0.032,0.023,87.0,17.0,17.0,2.49,1.48,42.77592086791992,1.2586063146591187,1.1081029098162246e+28,6.422671149192888e+27,4.274150631632908e+50,4.997685351950432e+50,2.5907406779073646e+52,3.0597931905591453e+50,,,17.0,,,1.537037037037037,0.9135802469135802,0.051840000000000004,0.03726,140.94,27.540000000000003,27.540000000000003,27.540000000000003,,,2.592,1.863,0.4698,0.0918,0.0918,0.0918,15.370370370370368,9.135802469135802,,,0.41363499719855573,0.31214915886796224,-0.328086987558413,0.08486214014201472,0.08486214014201472,0.08486214014201472,1.1866843325531053,0.2581348727778364,50.63084982370877,0.5078125124035632,52.41342394413589,0.005129233156204361,,
90,070714B,0.92,3.24e-06,1.46e-07,8.91e-06,6.77e-07,,,0.03,0.01,0.164,0.021,1120.0,230.0,473.0,0.45,0.04,44.07541275024414,1.3831801414489746,2.015944036697022e+28,1.2841119903766043e+28,1.6546716184445055e+52,2.109297098482552e+52,2.3699723701679115e+52,1.0998566581849046e+52,,,351.5,0.015625,0.005208333333333334,0.23437500000000003,0.020833333333333336,0.31488,0.04032,2150.4,674.88,441.59999999999997,908.16,0.15625,0.052083333333333336,15.744,2.016,7.168,2.2496,1.472,3.0272,2.34375,0.20833333333333334,-0.8061799739838872,0.14476482730108392,1.1971150810872664,0.05561087878029444,0.8553979966540688,0.13629866999017232,0.08918547396227493,0.18341186601806975,0.36991128507179405,0.03860395394695571,52.21871181778062,0.5536180595317529,52.37474328290734,0.20154736128860984,,
91,70802,2.45,6.38e-08,9.69e-09,6.5e-07,7.05e-08,,,,,-0.156,0.15,70.0,25.0,25.0,,,45.844581604003906,1.5200837850570679,4.553152982585153e+28,3.187318424761268e+28,1.6620918800121507e+51,2.3406625334845048e+51,4.908271873190214e+51,6.7651661791459216e+50,,,25.0,,,,,-0.5382,0.5175,241.5,86.25,86.25,86.25,,,-26.91,25.874999999999996,0.805,0.2875,0.2875,0.2875,,,,,,0.4175908479838959,-0.09420411963213146,0.15510517210830418,0.15510517210830418,0.15510517210830418,,,51.22065502779908,0.6116008594438078,51.6909286106475,0.05985964951961654,,
92,070810A,2.17,2.77e-07,1.77e-08,1.59e-06,8.43e-08,,,1.09,0.23,-0.006,0.015,44.0,9.0,9.0,0.73,0.22,45.358863830566406,1.5234571695327759,3.6405641477177437e+28,2.5541395449828067e+28,4.613462647855893e+51,6.480116295044187e+51,8.353819779397179e+51,2.043541605623786e+51,,,9.0,0.3438485804416404,0.07255520504731862,0.2302839116719243,0.0694006309148265,-0.01902,0.047549999999999995,139.48,28.53,28.53,28.53,3.4384858044164037,0.7255520504731862,-0.951,2.3774999999999995,0.4649333333333333,0.0951,0.0951,0.0951,2.302839116719243,0.6940063091482649,0.5363672357228721,0.09164012003463111,,1.0857362047581294,-0.3326093160157235,0.08883296220748334,0.08883296220748334,0.08883296220748334,0.3622635979027044,0.1308832685187882,51.66402700876737,0.6100144216702331,51.92188510180562,0.10623868676828989,,
93,71003,1.1,4.71e-06,1.82e-07,6.73e-05,1.48e-06,,,0.38,0.05,0.072,0.007,799.0,61.0,75.0,0.88,0.07,44.59706115722656,1.3384424448013306,2.563351442167777e+28,1.5799870889929297e+28,3.889081796697981e+52,4.796624364939155e+52,2.6461955810107585e+53,2.2833487831361994e+52,,,68.0,0.18095238095238095,0.023809523809523808,0.41904761904761906,0.03333333333333333,0.1512,0.014700000000000001,1677.9,142.8,128.1,157.5,1.8095238095238093,0.23809523809523808,7.56,0.7350000000000001,5.593,0.47600000000000003,0.427,0.525,4.190476190476191,0.3333333333333333,0.2575643018828908,0.057144010776743664,0.8785217955012066,0.04222307462948282,0.7476448193282482,0.036961232502404406,0.03315639974480395,0.04076606526000486,0.6222633774162494,0.034546151969576847,52.589847077495875,0.5356399279707764,53.42262193985704,0.03747439470811075,,
94,071010A,0.98,1.17e-07,2.67e-08,4.97e-07,6.05e-08,,,,,-0.076,0.153,27.0,10.0,10.0,,,44.46356964111328,1.3413968086242676,2.410515064507869e+28,1.4890620762673638e+28,8.543098735238547e+50,1.0733304375978913e+51,1.8328239969841827e+51,5.356499810590389e+50,,,10.0,,,,,-0.15048,0.30294,53.46,19.8,19.8,19.8,,,-7.524,15.146999999999998,0.1782,0.066,0.066,0.066,,,,,,0.8743033648841778,-0.7490923002991441,0.1608498081123155,0.1608498081123155,0.1608498081123155,,,50.93161542566783,0.545635138670267,51.26312076239347,0.12692426080643987,,
95,071010B,0.95,9.2e-07,2.18e-08,8.37e-06,1.16e-07,,,0.84,0.04,0.01,0.003,52.0,8.0,6.0,1.21,0.03,44.320194244384766,1.3947200775146484,2.2564970526830508e+28,1.4493307538412525e+28,5.886636684807382e+51,7.563169603037409e+51,2.7464408613064546e+52,3.878114503399796e+51,,,7.0,0.43076923076923074,0.020512820512820513,0.6205128205128205,0.015384615384615384,0.0195,0.00585,101.39999999999999,13.65,15.6,11.7,4.3076923076923075,0.20512820512820512,0.975,0.2925,0.33799999999999997,0.0455,0.052,0.039,6.205128205128205,0.15384615384615383,0.6342446746993636,0.020680689614440563,-0.010995384301463193,0.13028834457097555,-0.4710832997223453,0.058462718717745436,0.06681453567742335,0.05011090175806752,0.7927507589539321,0.010767631782725249,51.76986723257582,0.557982936635919,52.438770251861,0.061324594778069355,,
96,71031,2.69,7.08e-08,8.61e-09,2.19e-06,1.92e-07,,,,,-0.038,0.108,24.0,7.0,7.0,,,45.49602127075195,1.5357651710510254,3.877931879219044e+28,2.742651801475015e+28,1.337961058618912e+51,1.8995167676014722e+51,1.121574081107673e+52,5.1386637241161434e+50,,,7.0,,,,,-0.14021999999999998,0.39852,88.56,25.83,25.83,25.83,,,-7.010999999999999,19.926,0.2952,0.0861,0.0861,0.0861,,,,,,1.234310632777663,-0.529883646848996,0.12666922388844842,0.12666922388844842,0.12666922388844842,,,51.12644347346691,0.6165722426208439,52.049827964458196,0.019897867981542708,,
97,71117,1.33,2.71e-06,5.83e-08,7.97e-06,2.02e-07,,,0.6,0.01,0.009,0.003,278.0,48.0,143.0,0.2,0.02,44.87616729736328,1.3934165239334106,2.9149383982917756e+28,1.8704927185018134e+28,2.89359614587901e+52,3.714116828904192e+52,3.6523385462609807e+52,1.5941284227025748e+52,,,95.5,0.2575107296137339,0.004291845493562232,0.08583690987124463,0.008583690987124463,0.02097,0.0069900000000000006,647.74,222.51500000000001,111.84,333.19,2.5751072961373387,0.04291845493562232,1.0485,0.34950000000000003,2.1591333333333336,0.7417166666666667,0.3728,1.1106333333333334,0.8583690987124463,0.08583690987124463,0.41079532935762464,0.007238241365054197,0.020568434801362646,0.14476482730108395,0.33427946222443283,0.14919109000633288,0.07498609759480607,0.22339608241785971,-0.06632592536203782,0.04342944819032518,52.461437917296074,0.557444910283807,52.56257102679176,0.18955558710011006,,
98,71122,1.14,6.76e-08,2.06e-08,1.41e-06,1.63e-07,,,,,0.391,0.392,73.0,30.0,30.0,,,44.804779052734375,1.4750969409942627,2.8206664458321756e+28,1.9160991535412126e+28,6.75865105261302e+50,9.410547244099382e+50,6.587470265017116e+51,4.306346754842176e+50,,,30.0,,,,,0.8367399999999999,0.83888,156.21999999999997,64.19999999999999,64.19999999999999,64.19999999999999,,,41.836999999999996,41.943999999999996,0.5207333333333333,0.21399999999999997,0.21399999999999997,0.21399999999999997,,,,,1.6215605350810764,0.4354052094784519,-0.28338462125001573,0.1784771843438021,0.1784771843438021,0.1784771843438021,,,50.82986002451174,0.6046988826597468,51.8187186678763,0.028390604550001305,,
99,80210,2.64,2.57e-07,1.95e-08,4.17e-06,1.41e-07,,,0.53,0.17,0.019,0.013,73.0,15.0,15.0,0.57,0.44,45.87849426269531,1.4955559968948364,4.6248193588402685e+28,3.1852471605705227e+28,6.907685174459625e+51,9.529470462087547e+51,3.079172956930841e+52,2.6148110912751865e+51,,,15.0,0.14560439560439561,0.046703296703296704,0.15659340659340656,0.12087912087912088,0.06916,0.04732,265.72,54.6,54.6,54.6,1.456043956043956,0.46703296703296704,3.4579999999999997,2.366,0.8857333333333334,0.182,0.182,0.182,1.5659340659340655,1.2087912087912087,0.16317448595173303,0.13930200362934492,0.5388249889379038,0.29714885603906704,-0.05269701095015052,0.08923859217190104,0.08923859217190104,0.08923859217190104,0.19477347202343528,0.33524486322356284,51.839332535885774,0.5991292788569229,52.488434083879184,0.036879968876192604,,
100,80310,2.43,1.83e-07,1.72e-08,5.49e-06,2.9e-07,,,,,0.038,0.021,28.0,6.0,6.0,0.41,0.55,45.40764236450195,1.4723347425460815,3.7232688304296823e+28,2.524507348496196e+28,3.1879370934059186e+51,4.333438429328705e+51,2.788283172075147e+52,1.2613252873311126e+51,,,6.0,,,0.11953352769679298,0.16034985422740525,0.13034,0.07203000000000001,96.04,20.580000000000002,20.580000000000002,20.580000000000002,,,6.517,3.6015000000000006,0.3201333333333334,0.06860000000000001,0.06860000000000001,0.06860000000000001,1.1953352769679297,1.6034985422740524,,,0.8140477209955994,0.2400048452623234,-0.4946691033346727,0.09306310326498253,0.09306310326498253,0.09306310326498253,0.07748973667696489,0.5825901586507037,51.50350974300756,0.5903467798714555,52.445336877684454,0.01964601793889004,,
101,080319B,0.94,1.55e-05,1.91e-07,0.000525,3.94e-06,,,0.02,0.01,0.031,0.003,651.0,8.0,8.0,0.14,0.01,44.032508850097656,1.4036191701889038,1.9765039733868574e+28,1.2775934222523033e+28,7.609164020203283e+52,9.837429771226837e+52,1.3285038611927912e+54,5.07069518382138e+52,,,8.0,0.010309278350515464,0.005154639175257732,0.07216494845360825,0.005154639175257732,0.06014,0.00582,1262.94,15.52,15.52,15.52,0.10309278350515463,0.05154639175257732,3.0069999999999997,0.291,4.2098,0.05173333333333333,0.05173333333333333,0.05173333333333333,0.7216494845360825,0.05154639175257732,-0.9867717342662449,0.2171472409516259,0.4781334281005175,0.042028498248701786,0.6242614637787556,0.005336952158565306,0.005336952158565306,0.005336952158565306,-0.14167369425198803,0.03102103442166084,52.88133694568571,0.5614731729281932,54.12336282099115,0.016576353310481216,,
102,080319C,1.95,2.22e-06,7.79e-08,1.77e-05,2.99e-07,,,,,0.042,0.007,307.0,56.0,85.0,0.21,0.12,45.65298843383789,1.4883770942687988,4.1686324845509615e+28,2.8572765084372707e+28,4.847859843637786e+52,6.647845954438113e+52,1.3102323901723745e+53,2.2529402231629302e+52,,,70.5,,,0.07118644067796609,0.04067796610169491,0.12390000000000001,0.02065,905.6500000000001,207.97500000000002,165.20000000000002,250.75000000000003,,,6.195,1.0325,3.0188333333333337,0.69325,0.5506666666666667,0.8358333333333334,0.7118644067796609,0.4067796610169491,,,0.7920413107120823,0.07238241365054196,0.4798391367356871,0.09973212043706596,0.07921984034717297,0.12024440052695896,-0.14760272124424378,0.24816827537328676,52.68555005546215,0.5955458506797219,53.117348331395156,0.07467679125600135,,
103,80330,1.51,1.33e-07,1.8e-08,8.77e-07,1.26e-07,,,,,0.109,0.06,20.0,9.0,9.0,,,45.28451919555664,1.409385323524475,3.5180318003922553e+28,2.283364211967946e+28,2.068526202933611e+51,2.699691334774849e+51,5.434195488640257e+51,1.0763080591269137e+51,,,9.0,,,,,0.27359,0.15059999999999998,50.199999999999996,22.589999999999996,22.589999999999996,22.589999999999996,,,13.679499999999999,7.529999999999999,0.1673333333333333,0.07529999999999999,0.07529999999999999,0.07529999999999999,,,,,1.1360702237576805,0.23906118269903767,-0.7764175375746432,0.19543251685646332,0.19543251685646332,0.19543251685646332,,,51.3156610266661,0.5668098609879545,51.73513525758401,0.08601726822009836,,
104,80411,1.03,1.04e-05,1.31e-07,8.75e-05,2.01e-07,,,0.21,0.01,0.167,0.003,259.0,16.0,21.0,0.65,0.01,44.2542839050293,1.3535408973693848,2.189034986241745e+28,1.3644881540588809e+28,6.262512544084206e+52,7.807605093629872e+52,2.595537360777605e+53,3.8459211035698196e+52,,,18.5,0.10344827586206895,0.004926108374384236,0.32019704433497537,0.004926108374384236,0.33901000000000003,0.006090000000000001,525.7700000000001,37.55500000000001,32.480000000000004,42.63,1.0344827586206895,0.04926108374384235,16.9505,0.30450000000000005,1.752566666666667,0.12518333333333337,0.10826666666666668,0.1421,3.2019704433497536,0.04926108374384235,0.014723256820706285,0.02068068961444056,1.229182513396815,0.007801697279699134,0.24367454727480242,0.031021034421660845,0.026829002743058022,0.03521306610026365,0.5054173187296427,0.0066814535677423344,52.79674860878686,0.5414439947503571,53.414227284597175,0.06435131076731017,,
105,080413A,2.43,1.22e-06,2.65e-08,9.86e-06,1.71e-07,,,0.13,0.03,0.078,0.004,170.0,24.0,48.0,0.23,0.03,45.340999603271484,1.4248069524765015,3.6107368842769914e+28,2.3691772429322585e+28,1.998763359142379e+52,2.623327848282296e+52,4.7096034796979065e+52,7.64780642843448e+51,,,36.0,0.037900874635568516,0.008746355685131194,0.06705539358600583,0.008746355685131194,0.26754,0.013720000000000001,583.1,123.48,82.32000000000001,164.64000000000001,0.37900874635568516,0.08746355685131194,13.376999999999999,0.686,1.9436666666666667,0.4116,0.27440000000000003,0.5488000000000001,0.6705539358600583,0.08746355685131194,-0.4213507677359337,0.100221803516135,1.1263587270692696,0.022271511892474453,0.288621786701382,0.09196824322657098,0.061312162151047324,0.12262432430209465,-0.17356628402517763,0.05664710633520675,52.30076137945969,0.5700008475345358,52.67298434368339,0.07052398667639763,,
106,080413B,1.1,3.17e-06,8.25e-08,8e-06,1.52e-07,,,0.23,0.01,0.004,0.003,73.0,10.0,10.0,0.5,0.03,44.31826400756836,1.3442411422729492,2.254492128102002e+28,1.3956341606018071e+28,2.0247274589747545e+52,2.507352322315639e+52,2.433201092353618e+52,1.1938541538747765e+52,,,10.0,0.10952380952380952,0.0047619047619047615,0.23809523809523808,0.014285714285714285,0.008400000000000001,0.0063,153.3,21.0,21.0,21.0,1.0952380952380951,0.04761904761904761,0.42000000000000004,0.315,0.511,0.07,0.07,0.07,2.3809523809523805,0.14285714285714285,0.039508541283673565,0.01888236877840225,-0.3767507096020995,0.3257208614274388,-0.2915790998652873,0.059492394781267374,0.059492394781267374,0.059492394781267374,0.37675070960209944,0.02605766891419511,52.30636657272145,0.5378152367827215,52.386178002761724,0.21308730826006864,,
107,80430,0.77,4.6e-07,2.15e-08,3.01e-06,1.53e-07,,,0.68,0.08,0.009,0.004,80.0,15.0,15.0,0.76,0.12,43.60732650756836,1.29169762134552,1.6250294022734647e+28,9.666466883642207e+27,1.5264765683025206e+51,1.817446252055382e+51,5.643201265770802e+51,1.0269503611990231e+51,,,15.0,0.384180790960452,0.04519774011299435,0.4293785310734463,0.06779661016949153,0.01593,0.00708,141.6,26.55,26.55,26.55,3.84180790960452,0.4519774011299435,0.7965,0.35400000000000004,0.472,0.08850000000000001,0.08850000000000001,0.08850000000000001,4.293785310734463,0.6779661016949152,0.5845356463444298,0.051093468459206086,-0.0988142198628497,0.1930197697347786,-0.32605800136591223,0.08143021535685972,0.08143021535685972,0.08143021535685972,0.6328403259189846,0.0685728129320924,51.18369014218527,0.517077624913121,51.75152553973574,0.07903295559605887,,
108,80516,3.2,2.77e-07,2.8e-08,5.88e-07,5.5e-08,,,0.15,0.01,0.168,0.055,66.0,24.0,24.0,,,45.51285934448242,1.5254346132278442,3.908119102187079e+28,2.7454091173192317e+28,5.316492607499886e+51,7.488858199195222e+51,2.6870359749096893e+51,1.782401513634726e+51,,,24.0,0.03571428571428571,0.0023809523809523807,,,0.7056000000000001,0.231,277.2,100.80000000000001,100.80000000000001,100.80000000000001,0.3571428571428571,0.023809523809523805,35.28000000000001,11.55,0.9239999999999999,0.336,0.336,0.336,,,-0.44715803134221926,0.028952965460216785,1.5475285764597821,0.14217974109927883,-0.03432802877989333,0.15792526614663702,0.15792526614663702,0.15792526614663702,,,51.725625214333775,0.6117510230482301,51.429273480947565,0.28808216530617237,,
109,80520,1.55,8.23e-08,1e-08,1.59e-07,3e-08,,,,,0.037,0.098,12.0,5.0,5.0,,,45.181427001953125,1.4294425249099731,3.354913460736698e+28,2.208481188687198e+28,1.164051898462874e+51,1.5390632040751387e+51,8.81920529176361e+50,6.0714047361566194e+50,,,5.0,,,,,0.09434999999999999,0.24989999999999998,30.599999999999998,12.75,12.75,12.75,,,4.717499999999999,12.495,0.102,0.0425,0.0425,0.0425,,,,,0.673711908836969,1.150293492608613,-0.9913998282380825,0.18095603412635494,0.18095603412635494,0.18095603412635494,,,51.06597234346987,0.5742069212831485,50.945429452144104,0.2989813126106289,,
110,080603B,2.69,7.57e-07,2.63e-08,7.02e-06,1.78e-07,,,0.08,0.01,0.283,0.01,85.0,18.0,55.0,0.22,0.03,45.87592697143555,1.5411500930786133,4.619354752306276e+28,3.2784754599142635e+28,2.029870703382141e+52,2.8821663286226514e+52,5.10132792679083e+52,7.809656037057589e+51,,,36.5,0.02168021680216802,0.0027100271002710027,0.05962059620596206,0.008130081300813007,1.0442699999999998,0.0369,313.65,134.685,66.42,202.95,0.2168021680216802,0.027100271002710025,52.21349999999999,1.845,1.0454999999999999,0.44895,0.2214,0.6765,0.5962059620596205,0.08130081300813007,-0.6639363791671168,0.05428681023790647,1.7177828060193694,0.01534609476689936,0.019324037153690615,0.18649115987610226,0.09196824322657098,0.28101407652563354,-0.22460368533685418,0.05922197480498888,52.30746837555065,0.6166446613385732,52.70768324202132,0.06648642414545168,,
111,80605,1.64,5.99e-06,1.1e-07,4.72e-05,4.32e-07,,,0.11,0.01,0.057,0.003,246.0,11.0,14.0,0.22,0.01,45.47498321533203,1.45759916305542,3.8405424058582067e+28,2.577961097698145e+28,1.110252643757918e+53,1.490651884874033e+53,3.3138516710536335e+53,5.646011676148277e+52,,,12.5,0.04166666666666667,0.0037878787878787884,0.08333333333333334,0.0037878787878787884,0.15047999999999997,0.00792,649.4399999999999,32.99999999999999,29.039999999999996,36.959999999999994,0.4166666666666667,0.03787878787878788,7.523999999999998,0.39599999999999996,2.1647999999999996,0.10999999999999997,0.09679999999999998,0.12319999999999998,0.8333333333333334,0.03787878787878788,-0.38021124171160603,0.039481316536659254,0.8764487868783412,0.022857604310697464,0.33541777925354765,0.022067809039799376,0.019419671955023456,0.024715946124575304,-0.07918124604762482,0.019740658268329627,53.04542181599848,0.583094209844215,53.52033306537342,0.0739934058343929,,
112,80607,3.04,8.35e-06,2.42e-07,0.0001,0.0,,,0.04,0.01,0.035,0.003,394.0,33.0,35.0,0.18,0.06,45.54360580444336,1.502827525138855,3.963848823170963e+28,2.7432911838274857e+28,1.6486577358821013e+53,2.2824985269292753e+53,4.887228718450529e+53,5.648510760996705e+52,,,34.0,0.009900990099009901,0.0024752475247524753,0.04455445544554455,0.01485148514851485,0.14140000000000003,0.01212,1591.76,137.36,133.32,141.4,0.099009900990099,0.02475247524752475,7.070000000000001,0.606,5.305866666666667,0.4578666666666667,0.44439999999999996,0.4713333333333333,0.4455445544554455,0.1485148514851485,-1.0043213737826426,0.10857362047581294,0.8494194137968996,0.03722524130599301,0.7247563322165167,0.03747718879368163,0.036374918535043925,0.03857945905231932,-0.35110886000729896,0.14476482730108395,53.2171305047373,0.6012627688713754,53.689062664143094,0.050194439339637756,,
113,80707,1.23,1.68e-07,1.02e-08,1.26e-06,8.87e-08,,,,,0.093,0.032,73.0,20.0,20.0,,,44.744789123535156,1.4122698307037354,2.743808179519972e+28,1.7845023018447798e+28,1.58937595552761e+51,2.069629384410343e+51,5.345434828007658e+51,9.284322805855475e+50,,,20.0,,,,,0.20739,0.07136,162.79,44.6,44.6,44.6,,,10.369499999999999,3.568,0.5426333333333333,0.14866666666666667,0.14866666666666667,0.14866666666666667,,,,,1.0157578159381144,0.1494346604398286,-0.2654935315510459,0.11898478956253475,0.11898478956253475,0.11898478956253475,,,51.20122663861628,0.5655229765545687,51.72798303895982,0.07543128468548549,,
114,80721,2.6,9.57e-06,5.01e-07,5.99e-05,3.04e-06,,,0.13,0.05,0.048,0.009,485.0,36.0,41.0,0.09,0.04,45.880409240722656,1.5494592189788818,4.628899693324374e+28,3.3029622076329987e+28,2.5767800032540446e+53,3.6798082171930258e+53,4.480120811416384e+53,1.0221276109521347e+53,,,38.5,0.036111111111111115,0.01388888888888889,0.024999999999999998,0.011111111111111112,0.1728,0.0324,1746.0,138.6,129.6,147.6,0.3611111111111111,0.1388888888888889,8.64,1.6199999999999999,5.82,0.46199999999999997,0.432,0.492,0.24999999999999997,0.1111111111111111,-0.44235914846045055,0.16703633919355837,0.9365137424788933,0.0814302153568597,0.7649229846498885,0.03447492279025813,0.03223629144024137,0.03671355414027489,-0.6020599913279624,0.1930197697347786,53.41107734154226,0.6202005608437715,53.65128972538744,0.09908312742511204,,
115,90423,8.2,2.17e-07,1.55e-08,1.15e-06,4.73e-08,,,,,,,48.6,3.8,3.8,,,45.99745559692383,1.5302191972732544,4.885252786367174e+28,3.442598471189893e+28,6.50794209479933e+51,9.183961218423249e+51,3.748814570736942e+51,9.97401544708989e+50,,,3.8,,,,,,,447.12,34.959999999999994,34.959999999999994,34.959999999999994,,,,,1.4904,0.11653333333333331,0.11653333333333331,0.11653333333333331,,,,,,,0.1733028418881862,0.033957181712599926,0.033957181712599926,0.033957181712599926,,,51.813443680094416,0.6128732587159976,51.573893959253944,0.1155474561185729,,
